id,DexNo,Pokemon,Form,Type 1,Type 2,Boxable,Bankable,Obtainable
1,001,BULBASAUR,,Grass,Poison,TRUE,TRUE,TRUE
2,002,IVYSAUR,,Grass,Poison,TRUE,TRUE,TRUE
3,003,VENUSAUR,FEMALE,Grass,Poison,TRUE,TRUE,TRUE
4,003,VENUSAUR,MALE,Grass,Poison,TRUE,TRUE,TRUE
5,003,VENUSAUR,MEGA,Grass,Poison,TRUE,FALSE,TRUE
1319,003,VENUSAUR,GIGANTAMAX,Grass,Poison,TRUE,TRUE,FALSE
6,004,CHARMANDER,,Fire,,TRUE,TRUE,TRUE
7,005,CHARMELEON,,Fire,,TRUE,TRUE,TRUE
8,006,CHARIZARD,,Fire,Flying,TRUE,TRUE,TRUE
9,006,CHARIZARD,MEGA (X),Fire,Dragon,TRUE,FALSE,TRUE
10,006,CHARIZARD,MEGA (Y),Fire,Flying,TRUE,FALSE,TRUE
11,006,CHARIZARD,GIGANTAMAX,Fire,Flying,TRUE,TRUE,TRUE
12,007,SQUIRTLE,,Water,,TRUE,TRUE,TRUE
13,008,WARTORTLE,,Water,,TRUE,TRUE,TRUE
14,009,BLASTOISE,,Water,,TRUE,TRUE,TRUE
15,009,BLASTOISE,MEGA,Water,,TRUE,FALSE,TRUE
1320,009,BLASTOISE,GIGANTAMAX,Water,,TRUE,TRUE,FALSE
16,010,CATERPIE,,Bug,,TRUE,TRUE,TRUE
17,011,METAPOD,,Bug,,TRUE,TRUE,TRUE
18,012,BUTTERFREE,FEMALE,Bug,Flying,TRUE,TRUE,TRUE
19,012,BUTTERFREE,MALE,Bug,Flying,TRUE,TRUE,TRUE
20,012,BUTTERFREE,GIGANTAMAX,Bug,Flying,TRUE,TRUE,TRUE
21,013,WEEDLE,,Bug,Poison,TRUE,TRUE,TRUE
22,014,KAKUNA,,Bug,Poison,TRUE,TRUE,TRUE
23,015,BEEDRILL,,Bug,Poison,TRUE,TRUE,TRUE
24,015,BEEDRILL,MEGA,Bug,Poison,TRUE,FALSE,TRUE
25,016,PIDGEY,,Normal,Flying,TRUE,TRUE,TRUE
26,017,PIDGEOTTO,,Normal,Flying,TRUE,TRUE,TRUE
27,018,PIDGEOT,,Normal,Flying,TRUE,TRUE,TRUE
28,018,PIDGEOT,MEGA,Normal,Flying,TRUE,FALSE,TRUE
29,019,RATTATA,FEMALE,Normal,,TRUE,TRUE,TRUE
30,019,RATTATA,MALE,Normal,,TRUE,TRUE,TRUE
31,019,RATTATA,ALOLAN,Dark,Normal,TRUE,TRUE,TRUE
32,020,RATICATE,FEMALE,Normal,,TRUE,TRUE,TRUE
33,020,RATICATE,MALE,Normal,,TRUE,TRUE,TRUE
34,020,RATICATE,ALOLAN,Dark,Normal,TRUE,TRUE,TRUE
35,021,SPEAROW,,Normal,Flying,TRUE,TRUE,TRUE
36,022,FEAROW,,Normal,Flying,TRUE,TRUE,TRUE
37,023,EKANS,,Poison,,TRUE,TRUE,TRUE
38,024,ARBOK,,Poison,,TRUE,TRUE,TRUE
39,025,PIKACHU,FEMALE,Electric,,TRUE,TRUE,TRUE
40,025,PIKACHU,MALE,Electric,,TRUE,TRUE,TRUE
41,025,PIKACHU,ORIGINAL CAP,Electric,,TRUE,TRUE,TRUE
42,025,PIKACHU,HOENN CAP,Electric,,TRUE,TRUE,TRUE
43,025,PIKACHU,SINNOH CAP,Electric,,TRUE,TRUE,TRUE
44,025,PIKACHU,UNOVA CAP,Electric,,TRUE,TRUE,TRUE
45,025,PIKACHU,KALOS CAP,Electric,,TRUE,TRUE,TRUE
46,025,PIKACHU,ALOLA CAP,Electric,,TRUE,TRUE,TRUE
47,025,PIKACHU,PARTNER CAP,Electric,,TRUE,TRUE,TRUE
48,025,PIKACHU,GIGANTAMAX,Electric,,TRUE,TRUE,TRUE
49,026,RAICHU,FEMALE,Electric,,TRUE,TRUE,TRUE
50,026,RAICHU,MALE,Electric,,TRUE,TRUE,TRUE
51,026,RAICHU,ALOLAN,Electric,Psychic,TRUE,TRUE,TRUE
52,027,SANDSHREW,,Ground,,TRUE,TRUE,TRUE
53,027,SANDSHREW,ALOLAN,Ice,Steel,TRUE,TRUE,TRUE
54,028,SANDSLASH,,Ground,,TRUE,TRUE,TRUE
55,028,SANDSLASH,ALOLAN,Ice,Steel,TRUE,TRUE,TRUE
56,029,NIDORAN♀,FEMALE,Poison,,TRUE,TRUE,TRUE
57,030,NIDORINA,,Poison,,TRUE,TRUE,TRUE
58,031,NIDOQUEEN,,Poison,Ground,TRUE,TRUE,TRUE
59,032,NIDORAN♂,,Poison,,TRUE,TRUE,TRUE
60,033,NIDORINO,,Poison,,TRUE,TRUE,TRUE
61,034,NIDOKING,,Poison,Ground,TRUE,TRUE,TRUE
62,035,CLEFAIRY,,Fairy,,TRUE,TRUE,TRUE
63,036,CLEFABLE,,Fairy,,TRUE,TRUE,TRUE
64,037,VULPIX,,Fire,,TRUE,TRUE,TRUE
65,037,VULPIX,ALOLAN,Ice,,TRUE,TRUE,TRUE
66,038,NINETALES,,Fire,,TRUE,TRUE,TRUE
67,038,NINETALES,ALOLAN,Ice,Fairy,TRUE,TRUE,TRUE
68,039,JIGGLYPUFF,,Normal,Fairy,TRUE,TRUE,TRUE
69,040,WIGGLYTUFF,,Normal,Fairy,TRUE,TRUE,TRUE
70,041,ZUBAT,FEMALE,Poison,Flying,TRUE,TRUE,TRUE
71,041,ZUBAT,MALE,Poison,Flying,TRUE,TRUE,TRUE
72,042,GOLBAT,FEMALE,Poison,Flying,TRUE,TRUE,TRUE
73,042,GOLBAT,MALE,Poison,Flying,TRUE,TRUE,TRUE
74,043,ODDISH,,Grass,Poison,TRUE,TRUE,TRUE
75,044,GLOOM,FEMALE,Grass,Poison,TRUE,TRUE,TRUE
76,044,GLOOM,MALE,Grass,Poison,TRUE,TRUE,TRUE
77,045,VILEPLUME,FEMALE,Grass,Poison,TRUE,TRUE,TRUE
78,045,VILEPLUME,MALE,Grass,Poison,TRUE,TRUE,TRUE
79,046,PARAS,,Bug,Grass,TRUE,TRUE,TRUE
80,047,PARASECT,,Bug,Grass,TRUE,TRUE,TRUE
81,048,VENONAT,,Bug,Poison,TRUE,TRUE,TRUE
82,049,VENOMOTH,,Bug,Poison,TRUE,TRUE,TRUE
83,050,DIGLETT,,Ground,,TRUE,TRUE,TRUE
84,050,DIGLETT,ALOLAN,Ground,Steel,TRUE,TRUE,TRUE
85,051,DUGTRIO,,Ground,,TRUE,TRUE,TRUE
86,051,DUGTRIO,ALOLAN,Ground,Steel,TRUE,TRUE,TRUE
87,052,MEOWTH,,Normal,,TRUE,TRUE,TRUE
88,052,MEOWTH,ALOLAN,Dark,,TRUE,TRUE,TRUE
89,052,MEOWTH,GALARIAN,Steel,,TRUE,TRUE,TRUE
90,052,MEOWTH,GIGANTAMAX,Steel,,TRUE,TRUE,TRUE
91,053,PERSIAN,,Normal,,TRUE,TRUE,TRUE
92,053,PERSIAN,ALOLAN,Dark,,TRUE,TRUE,TRUE
93,054,PSYDUCK,,Water,,TRUE,TRUE,TRUE
94,055,GOLDUCK,,Water,,TRUE,TRUE,TRUE
95,056,MANKEY,,Fighting,,TRUE,TRUE,TRUE
96,057,PRIMEAPE,,Fighting,,TRUE,TRUE,TRUE
97,058,GROWLITHE,,Fire,,TRUE,TRUE,TRUE
98,059,ARCANINE,,Fire,,TRUE,TRUE,TRUE
99,060,POLIWAG,,Water,,TRUE,TRUE,TRUE
100,061,POLIWHIRL,,Water,,TRUE,TRUE,TRUE
101,062,POLIWRATH,,Water,Fighting,TRUE,TRUE,TRUE
102,063,ABRA,,Psychic,,TRUE,TRUE,TRUE
103,064,KADABRA,FEMALE,Psychic,,TRUE,TRUE,TRUE
104,064,KADABRA,MALE,Psychic,,TRUE,TRUE,TRUE
105,065,ALAKAZAM,FEMALE,Psychic,,TRUE,TRUE,TRUE
106,065,ALAKAZAM,MALE,Psychic,,TRUE,TRUE,TRUE
107,065,ALAKAZAM,MEGA,Psychic,,TRUE,FALSE,TRUE
108,066,MACHOP,,Fighting,,TRUE,TRUE,TRUE
109,067,MACHOKE,,Fighting,,TRUE,TRUE,TRUE
110,068,MACHAMP,,Fighting,,TRUE,TRUE,TRUE
111,068,MACHAMP,GIGANTAMAX,Fighting,,TRUE,TRUE,TRUE
112,069,BELLSPROUT,,Grass,Poison,TRUE,TRUE,TRUE
113,070,WEEPINBELL,,Grass,Poison,TRUE,TRUE,TRUE
114,071,VICTREEBEL,,Grass,Poison,TRUE,TRUE,TRUE
115,072,TENTACOOL,,Water,Poison,TRUE,TRUE,TRUE
116,073,TENTACRUEL,,Water,Poison,TRUE,TRUE,TRUE
117,074,GEODUDE,,Rock,Ground,TRUE,TRUE,TRUE
118,074,GEODUDE,ALOLAN,Rock,Electric,TRUE,TRUE,TRUE
119,075,GRAVELER,,Rock,Ground,TRUE,TRUE,TRUE
120,075,GRAVELER,ALOLAN,Rock,Electric,TRUE,TRUE,TRUE
121,076,GOLEM,,Rock,Ground,TRUE,TRUE,TRUE
122,076,GOLEM,ALOLAN,Rock,Electric,TRUE,TRUE,TRUE
123,077,PONYTA,,Fire,,TRUE,TRUE,TRUE
124,077,PONYTA,GALARIAN,Psychic,,TRUE,TRUE,TRUE
125,078,RAPIDASH,,Fire,,TRUE,TRUE,TRUE
126,078,RAPIDASH,GALARIAN,Psychic,Fairy,TRUE,TRUE,TRUE
127,079,SLOWPOKE,,Water,Psychic,TRUE,TRUE,TRUE
1324,079,SLOWPOKE,GALARIAN,Psychic,,TRUE,TRUE,TRUE
128,080,SLOWBRO,,Water,Psychic,TRUE,TRUE,TRUE
129,080,SLOWBRO,MEGA,Water,Psychic,TRUE,FALSE,TRUE
1325,080,SLOWBRO,GALARIAN,???,,TRUE,TRUE,FALSE
130,081,MAGNEMITE,,Electric,Steel,TRUE,TRUE,TRUE
131,082,MAGNETON,,Electric,Steel,TRUE,TRUE,TRUE
132,083,FARFETCH'D,,Normal,Flying,TRUE,TRUE,TRUE
133,083,FARFETCH'D,GALARIAN,Fighting,,TRUE,TRUE,TRUE
134,084,DODUO,FEMALE,Normal,Flying,TRUE,TRUE,TRUE
135,084,DODUO,MALE,Normal,Flying,TRUE,TRUE,TRUE
136,085,DODRIO,FEMALE,Normal,Flying,TRUE,TRUE,TRUE
137,085,DODRIO,MALE,Normal,Flying,TRUE,TRUE,TRUE
138,086,SEEL,,Water,,TRUE,TRUE,TRUE
139,087,DEWGONG,,Water,Ice,TRUE,TRUE,TRUE
140,088,GRIMER,,Poison,,TRUE,TRUE,TRUE
141,088,GRIMER,ALOLAN,Poison,Dark,TRUE,TRUE,TRUE
142,089,MUK,,Poison,,TRUE,TRUE,TRUE
143,089,MUK,ALOLAN,Poison,Dark,TRUE,TRUE,TRUE
144,090,SHELLDER,,Water,,TRUE,TRUE,TRUE
145,091,CLOYSTER,,Water,Ice,TRUE,TRUE,TRUE
146,092,GASTLY,,Ghost,Poison,TRUE,TRUE,TRUE
147,093,HAUNTER,,Ghost,Poison,TRUE,TRUE,TRUE
148,094,GENGAR,,Ghost,Poison,TRUE,TRUE,TRUE
149,094,GENGAR,MEGA,Ghost,Poison,TRUE,FALSE,TRUE
150,094,GENGAR,GIGANTAMAX,Ghost,Poison,TRUE,TRUE,TRUE
151,095,ONIX,,Rock,Ground,TRUE,TRUE,TRUE
152,096,DROWZEE,,Psychic,,TRUE,TRUE,TRUE
153,097,HYPNO,FEMALE,Psychic,,TRUE,TRUE,TRUE
154,097,HYPNO,MALE,Psychic,,TRUE,TRUE,TRUE
155,098,KRABBY,,Water,,TRUE,TRUE,TRUE
156,099,KINGLER,,Water,,TRUE,TRUE,TRUE
157,099,KINGLER,GIGANTAMAX,Water,,TRUE,TRUE,TRUE
158,100,VOLTORB,,Electric,,TRUE,TRUE,TRUE
159,101,ELECTRODE,,Electric,,TRUE,TRUE,TRUE
160,102,EXEGGCUTE,,Grass,Psychic,TRUE,TRUE,TRUE
161,103,EXEGGUTOR,,Grass,Psychic,TRUE,TRUE,TRUE
162,103,EXEGGUTOR,ALOLAN,Grass,Dragon,TRUE,TRUE,TRUE
163,104,CUBONE,,Ground,,TRUE,TRUE,TRUE
164,105,MAROWAK,,Ground,,TRUE,TRUE,TRUE
165,105,MAROWAK,ALOLAN,Fire,Ghost,TRUE,TRUE,TRUE
166,106,HITMONLEE,,Fighting,,TRUE,TRUE,TRUE
167,107,HITMONCHAN,,Fighting,,TRUE,TRUE,TRUE
168,108,LICKITUNG,,Normal,,TRUE,TRUE,TRUE
169,109,KOFFING,,Poison,,TRUE,TRUE,TRUE
170,110,WEEZING,,Poison,,TRUE,TRUE,TRUE
171,110,WEEZING,GALARIAN,Poison,Fairy,TRUE,TRUE,TRUE
172,111,RHYHORN,FEMALE,Ground,Rock,TRUE,TRUE,TRUE
173,111,RHYHORN,MALE,Ground,Rock,TRUE,TRUE,TRUE
174,112,RHYDON,FEMALE,Ground,Rock,TRUE,TRUE,TRUE
175,112,RHYDON,MALE,Ground,Rock,TRUE,TRUE,TRUE
176,113,CHANSEY,,Normal,,TRUE,TRUE,TRUE
177,114,TANGELA,,Grass,,TRUE,TRUE,TRUE
178,115,KANGASKHAN,,Normal,,TRUE,TRUE,TRUE
179,115,KANGASKHAN,MEGA,Normal,,TRUE,FALSE,TRUE
180,116,HORSEA,,Water,,TRUE,TRUE,TRUE
181,117,SEADRA,,Water,,TRUE,TRUE,TRUE
182,118,GOLDEEN,FEMALE,Water,,TRUE,TRUE,TRUE
183,118,GOLDEEN,MALE,Water,,TRUE,TRUE,TRUE
184,119,SEAKING,FEMALE,Water,,TRUE,TRUE,TRUE
185,119,SEAKING,MALE,Water,,TRUE,TRUE,TRUE
186,120,STARYU,,Water,,TRUE,TRUE,TRUE
187,121,STARMIE,,Water,Psychic,TRUE,TRUE,TRUE
188,122,MR. MIME,,Psychic,Fairy,TRUE,TRUE,TRUE
189,122,MR. MIME,GALARIAN,Ice,Psychic,TRUE,TRUE,TRUE
190,123,SCYTHER,FEMALE,Bug,Flying,TRUE,TRUE,TRUE
191,123,SCYTHER,MALE,Bug,Flying,TRUE,TRUE,TRUE
192,124,JYNX,,Ice,Psychic,TRUE,TRUE,TRUE
193,125,ELECTABUZZ,,Electric,,TRUE,TRUE,TRUE
194,126,MAGMAR,,Fire,,TRUE,TRUE,TRUE
195,127,PINSIR,,Bug,,TRUE,TRUE,TRUE
196,127,PINSIR,MEGA,Bug,Flying,TRUE,FALSE,TRUE
197,128,TAUROS,,Normal,,TRUE,TRUE,TRUE
198,129,MAGIKARP,FEMALE,Water,,TRUE,TRUE,TRUE
199,129,MAGIKARP,MALE,Water,,TRUE,TRUE,TRUE
200,130,GYARADOS,FEMALE,Water,Flying,TRUE,TRUE,TRUE
201,130,GYARADOS,MALE,Water,Flying,TRUE,TRUE,TRUE
202,130,GYARADOS,MEGA,Water,Dark,TRUE,FALSE,TRUE
203,131,LAPRAS,,Water,Ice,TRUE,TRUE,TRUE
204,131,LAPRAS,GIGANTAMAX,Water,Ice,TRUE,TRUE,TRUE
205,132,DITTO,,Normal,,TRUE,TRUE,TRUE
206,133,EEVEE,,Normal,,TRUE,TRUE,TRUE
207,133,EEVEE,GIGANTAMAX,Normal,,TRUE,TRUE,TRUE
208,134,VAPOREON,,Water,,TRUE,TRUE,TRUE
209,135,JOLTEON,,Electric,,TRUE,TRUE,TRUE
210,136,FLAREON,,Fire,,TRUE,TRUE,TRUE
211,137,PORYGON,,Normal,,TRUE,TRUE,TRUE
212,138,OMANYTE,,Rock,Water,TRUE,TRUE,TRUE
213,139,OMASTAR,,Rock,Water,TRUE,TRUE,TRUE
214,140,KABUTO,,Rock,Water,TRUE,TRUE,TRUE
215,141,KABUTOPS,,Rock,Water,TRUE,TRUE,TRUE
216,142,AERODACTYL,,Rock,Flying,TRUE,TRUE,TRUE
217,142,AERODACTYL,MEGA,Rock,Flying,TRUE,FALSE,TRUE
218,143,SNORLAX,,Normal,,TRUE,TRUE,TRUE
219,143,SNORLAX,GIGANTAMAX,Normal,,TRUE,TRUE,TRUE
220,144,ARTICUNO,,Ice,Flying,TRUE,TRUE,TRUE
1326,144,ARTICUNO,GALARIAN,???,,TRUE,TRUE,FALSE
221,145,ZAPDOS,,Electric,Flying,TRUE,TRUE,TRUE
1327,145,ZAPDOS,GALARIAN,???,,TRUE,TRUE,FALSE
222,146,MOLTRES,,Fire,Flying,TRUE,TRUE,TRUE
1328,146,MOLTRES,GALARIAN,???,,TRUE,TRUE,FALSE
223,147,DRATINI,,Dragon,,TRUE,TRUE,TRUE
224,148,DRAGONAIR,,Dragon,,TRUE,TRUE,TRUE
225,149,DRAGONITE,,Dragon,Flying,TRUE,TRUE,TRUE
226,150,MEWTWO,,Psychic,,TRUE,TRUE,TRUE
227,150,MEWTWO,MEGA (X),Psychic,,TRUE,FALSE,TRUE
228,150,MEWTWO,MEGA (Y),Psychic,,TRUE,FALSE,TRUE
229,151,MEW,,Psychic,,TRUE,TRUE,TRUE
230,152,CHIKORITA,,Grass,,TRUE,TRUE,TRUE
231,153,BAYLEEF,,Grass,,TRUE,TRUE,TRUE
232,154,MEGANIUM,FEMALE,Grass,,TRUE,TRUE,TRUE
233,154,MEGANIUM,MALE,Grass,,TRUE,TRUE,TRUE
234,155,CYNDAQUIL,,Fire,,TRUE,TRUE,TRUE
235,156,QUILAVA,,Fire,,TRUE,TRUE,TRUE
236,157,TYPHLOSION,,Fire,,TRUE,TRUE,TRUE
237,158,TOTODILE,,Water,,TRUE,TRUE,TRUE
238,159,CROCONAW,,Water,,TRUE,TRUE,TRUE
239,160,FERALIGATR,,Water,,TRUE,TRUE,TRUE
240,161,SENTRET,,Normal,,TRUE,TRUE,TRUE
241,162,FURRET,,Normal,,TRUE,TRUE,TRUE
242,163,HOOTHOOT,,Normal,Flying,TRUE,TRUE,TRUE
243,164,NOCTOWL,,Normal,Flying,TRUE,TRUE,TRUE
244,165,LEDYBA,FEMALE,Bug,Flying,TRUE,TRUE,TRUE
245,165,LEDYBA,MALE,Bug,Flying,TRUE,TRUE,TRUE
246,166,LEDIAN,FEMALE,Bug,Flying,TRUE,TRUE,TRUE
247,166,LEDIAN,MALE,Bug,Flying,TRUE,TRUE,TRUE
248,167,SPINARAK,,Bug,Poison,TRUE,TRUE,TRUE
249,168,ARIADOS,,Bug,Poison,TRUE,TRUE,TRUE
250,169,CROBAT,,Poison,Flying,TRUE,TRUE,TRUE
251,170,CHINCHOU,,Water,Electric,TRUE,TRUE,TRUE
252,171,LANTURN,,Water,Electric,TRUE,TRUE,TRUE
253,172,PICHU,,Electric,,TRUE,TRUE,TRUE
254,173,CLEFFA,,Fairy,,TRUE,TRUE,TRUE
255,174,IGGLYBUFF,,Normal,Fairy,TRUE,TRUE,TRUE
256,175,TOGEPI,,Fairy,,TRUE,TRUE,TRUE
257,176,TOGETIC,,Fairy,Flying,TRUE,TRUE,TRUE
258,177,NATU,,Psychic,Flying,TRUE,TRUE,TRUE
259,178,XATU,FEMALE,Psychic,Flying,TRUE,TRUE,TRUE
260,178,XATU,MALE,Psychic,Flying,TRUE,TRUE,TRUE
261,179,MAREEP,,Electric,,TRUE,TRUE,TRUE
262,180,FLAAFFY,,Electric,,TRUE,TRUE,TRUE
263,181,AMPHAROS,,Electric,,TRUE,TRUE,TRUE
264,181,AMPHAROS,MEGA,Electric,Dragon,TRUE,FALSE,TRUE
265,182,BELLOSSOM,,Grass,,TRUE,TRUE,TRUE
266,183,MARILL,,Water,Fairy,TRUE,TRUE,TRUE
267,184,AZUMARILL,,Water,Fairy,TRUE,TRUE,TRUE
268,185,SUDOWOODO,FEMALE,Rock,,TRUE,TRUE,TRUE
269,185,SUDOWOODO,MALE,Rock,,TRUE,TRUE,TRUE
270,186,POLITOED,FEMALE,Water,,TRUE,TRUE,TRUE
271,186,POLITOED,MALE,Water,,TRUE,TRUE,TRUE
272,187,HOPPIP,,Grass,Flying,TRUE,TRUE,TRUE
273,188,SKIPLOOM,,Grass,Flying,TRUE,TRUE,TRUE
274,189,JUMPLUFF,,Grass,Flying,TRUE,TRUE,TRUE
275,190,AIPOM,FEMALE,Normal,,TRUE,TRUE,TRUE
276,190,AIPOM,MALE,Normal,,TRUE,TRUE,TRUE
277,191,SUNKERN,,Grass,,TRUE,TRUE,TRUE
278,192,SUNFLORA,,Grass,,TRUE,TRUE,TRUE
279,193,YANMA,,Bug,Flying,TRUE,TRUE,TRUE
280,194,WOOPER,FEMALE,Water,Ground,TRUE,TRUE,TRUE
281,194,WOOPER,MALE,Water,Ground,TRUE,TRUE,TRUE
282,195,QUAGSIRE,FEMALE,Water,Ground,TRUE,TRUE,TRUE
283,195,QUAGSIRE,MALE,Water,Ground,TRUE,TRUE,TRUE
284,196,ESPEON,,Psychic,,TRUE,TRUE,TRUE
285,197,UMBREON,,Dark,,TRUE,TRUE,TRUE
286,198,MURKROW,FEMALE,Dark,Flying,TRUE,TRUE,TRUE
287,198,MURKROW,MALE,Dark,Flying,TRUE,TRUE,TRUE
288,199,SLOWKING,,Water,Psychic,TRUE,TRUE,TRUE
1329,199,SLOWKING,GALARIAN,???,,TRUE,TRUE,FALSE
289,200,MISDREAVUS,,Ghost,,TRUE,TRUE,TRUE
290,201,UNOWN,A,Psychic,,TRUE,TRUE,TRUE
291,201,UNOWN,B,Psychic,,TRUE,TRUE,TRUE
292,201,UNOWN,C,Psychic,,TRUE,TRUE,TRUE
293,201,UNOWN,D,Psychic,,TRUE,TRUE,TRUE
294,201,UNOWN,E,Psychic,,TRUE,TRUE,TRUE
295,201,UNOWN,F,Psychic,,TRUE,TRUE,TRUE
296,201,UNOWN,G,Psychic,,TRUE,TRUE,TRUE
297,201,UNOWN,H,Psychic,,TRUE,TRUE,TRUE
298,201,UNOWN,I,Psychic,,TRUE,TRUE,TRUE
299,201,UNOWN,J,Psychic,,TRUE,TRUE,TRUE
300,201,UNOWN,K,Psychic,,TRUE,TRUE,TRUE
301,201,UNOWN,L,Psychic,,TRUE,TRUE,TRUE
302,201,UNOWN,M,Psychic,,TRUE,TRUE,TRUE
303,201,UNOWN,N,Psychic,,TRUE,TRUE,TRUE
304,201,UNOWN,O,Psychic,,TRUE,TRUE,TRUE
305,201,UNOWN,P,Psychic,,TRUE,TRUE,TRUE
306,201,UNOWN,Q,Psychic,,TRUE,TRUE,TRUE
307,201,UNOWN,R,Psychic,,TRUE,TRUE,TRUE
308,201,UNOWN,S,Psychic,,TRUE,TRUE,TRUE
309,201,UNOWN,T,Psychic,,TRUE,TRUE,TRUE
310,201,UNOWN,U,Psychic,,TRUE,TRUE,TRUE
311,201,UNOWN,V,Psychic,,TRUE,TRUE,TRUE
312,201,UNOWN,W,Psychic,,TRUE,TRUE,TRUE
313,201,UNOWN,X,Psychic,,TRUE,TRUE,TRUE
314,201,UNOWN,Y,Psychic,,TRUE,TRUE,TRUE
315,201,UNOWN,Z,Psychic,,TRUE,TRUE,TRUE
316,201,UNOWN,!,Psychic,,TRUE,TRUE,TRUE
317,201,UNOWN,?,Psychic,,TRUE,TRUE,TRUE
318,202,WOBBUFFET,FEMALE,Psychic,,TRUE,TRUE,TRUE
319,202,WOBBUFFET,MALE,Psychic,,TRUE,TRUE,TRUE
320,203,GIRAFARIG,FEMALE,Normal,Psychic,TRUE,TRUE,TRUE
321,203,GIRAFARIG,MALE,Normal,Psychic,TRUE,TRUE,TRUE
322,204,PINECO,,Bug,,TRUE,TRUE,TRUE
323,205,FORRETRESS,,Bug,Steel,TRUE,TRUE,TRUE
324,206,DUNSPARCE,,Normal,,TRUE,TRUE,TRUE
325,207,GLIGAR,FEMALE,Ground,Flying,TRUE,TRUE,TRUE
326,207,GLIGAR,MALE,Ground,Flying,TRUE,TRUE,TRUE
327,208,STEELIX,FEMALE,Steel,Ground,TRUE,TRUE,TRUE
328,208,STEELIX,MALE,Steel,Ground,TRUE,TRUE,TRUE
329,208,STEELIX,MEGA,Steel,Ground,TRUE,FALSE,TRUE
330,209,SNUBBULL,,Fairy,,TRUE,TRUE,TRUE
331,210,GRANBULL,,Fairy,,TRUE,TRUE,TRUE
332,211,QWILFISH,,Water,Poison,TRUE,TRUE,TRUE
333,212,SCIZOR,FEMALE,Bug,Steel,TRUE,TRUE,TRUE
334,212,SCIZOR,MALE,Bug,Steel,TRUE,TRUE,TRUE
335,212,SCIZOR,MEGA,Bug,Steel,TRUE,FALSE,TRUE
336,213,SHUCKLE,,Bug,Rock,TRUE,TRUE,TRUE
337,214,HERACROSS,FEMALE,Bug,Fighting,TRUE,TRUE,TRUE
338,214,HERACROSS,MALE,Bug,Fighting,TRUE,TRUE,TRUE
339,214,HERACROSS,MEGA,Bug,Fighting,TRUE,FALSE,TRUE
340,215,SNEASEL,FEMALE,Dark,Ice,TRUE,TRUE,TRUE
341,215,SNEASEL,MALE,Dark,Ice,TRUE,TRUE,TRUE
342,216,TEDDIURSA,,Normal,,TRUE,TRUE,TRUE
343,217,URSARING,FEMALE,Normal,,TRUE,TRUE,TRUE
344,217,URSARING,MALE,Normal,,TRUE,TRUE,TRUE
345,218,SLUGMA,,Fire,,TRUE,TRUE,TRUE
346,219,MAGCARGO,,Fire,Rock,TRUE,TRUE,TRUE
347,220,SWINUB,,Ice,Ground,TRUE,TRUE,TRUE
348,221,PILOSWINE,FEMALE,Ice,Ground,TRUE,TRUE,TRUE
349,221,PILOSWINE,MALE,Ice,Ground,TRUE,TRUE,TRUE
350,222,CORSOLA,,Water,Rock,TRUE,TRUE,TRUE
351,222,CORSOLA,GALARIAN,Ghost,,TRUE,TRUE,TRUE
352,223,REMORAID,,Water,,TRUE,TRUE,TRUE
353,224,OCTILLERY,FEMALE,Water,,TRUE,TRUE,TRUE
354,224,OCTILLERY,MALE,Water,,TRUE,TRUE,TRUE
355,225,DELIBIRD,,Ice,Flying,TRUE,TRUE,TRUE
356,226,MANTINE,,Water,Flying,TRUE,TRUE,TRUE
357,227,SKARMORY,,Steel,Flying,TRUE,TRUE,TRUE
358,228,HOUNDOUR,,Dark,Fire,TRUE,TRUE,TRUE
359,229,HOUNDOOM,FEMALE,Dark,Fire,TRUE,TRUE,TRUE
360,229,HOUNDOOM,MALE,Dark,Fire,TRUE,TRUE,TRUE
361,229,HOUNDOOM,MEGA,Dark,Fire,TRUE,FALSE,TRUE
362,230,KINGDRA,,Water,Dragon,TRUE,TRUE,TRUE
363,231,PHANPY,,Ground,,TRUE,TRUE,TRUE
364,232,DONPHAN,FEMALE,Ground,,TRUE,TRUE,TRUE
365,232,DONPHAN,MALE,Ground,,TRUE,TRUE,TRUE
366,233,PORYGON2,,Normal,,TRUE,TRUE,TRUE
367,234,STANTLER,,Normal,,TRUE,TRUE,TRUE
368,235,SMEARGLE,,Normal,,TRUE,TRUE,TRUE
369,236,TYROGUE,,Fighting,,TRUE,TRUE,TRUE
370,237,HITMONTOP,,Fighting,,TRUE,TRUE,TRUE
371,238,SMOOCHUM,,Ice,Psychic,TRUE,TRUE,TRUE
372,239,ELEKID,,Electric,,TRUE,TRUE,TRUE
373,240,MAGBY,,Fire,,TRUE,TRUE,TRUE
374,241,MILTANK,,Normal,,TRUE,TRUE,TRUE
375,242,BLISSEY,,Normal,,TRUE,TRUE,TRUE
376,243,RAIKOU,,Electric,,TRUE,TRUE,TRUE
377,244,ENTEI,,Fire,,TRUE,TRUE,TRUE
378,245,SUICUNE,,Water,,TRUE,TRUE,TRUE
379,246,LARVITAR,,Rock,Ground,TRUE,TRUE,TRUE
380,247,PUPITAR,,Rock,Ground,TRUE,TRUE,TRUE
381,248,TYRANITAR,,Rock,Dark,TRUE,TRUE,TRUE
382,248,TYRANITAR,MEGA,Rock,Dark,TRUE,FALSE,TRUE
383,249,LUGIA,,Psychic,Flying,TRUE,TRUE,TRUE
384,250,HO-OH,,Fire,Flying,TRUE,TRUE,TRUE
385,251,CELEBI,,Psychic,Grass,TRUE,TRUE,TRUE
386,252,TREECKO,,Grass,,TRUE,TRUE,TRUE
387,253,GROVYLE,,Grass,,TRUE,TRUE,TRUE
388,254,SCEPTILE,,Grass,,TRUE,TRUE,TRUE
389,254,SCEPTILE,MEGA,Grass,Dragon,TRUE,FALSE,TRUE
390,255,TORCHIC,FEMALE,Fire,,TRUE,TRUE,TRUE
391,255,TORCHIC,MALE,Fire,,TRUE,TRUE,TRUE
392,256,COMBUSKEN,FEMALE,Fire,Fighting,TRUE,TRUE,TRUE
393,256,COMBUSKEN,MALE,Fire,Fighting,TRUE,TRUE,TRUE
394,257,BLAZIKEN,FEMALE,Fire,Fighting,TRUE,TRUE,TRUE
395,257,BLAZIKEN,MALE,Fire,Fighting,TRUE,TRUE,TRUE
396,257,BLAZIKEN,MEGA,Fire,Fighting,TRUE,FALSE,TRUE
397,258,MUDKIP,,Water,,TRUE,TRUE,TRUE
398,259,MARSHTOMP,,Water,Ground,TRUE,TRUE,TRUE
399,260,SWAMPERT,,Water,Ground,TRUE,TRUE,TRUE
400,260,SWAMPERT,MEGA,Water,Ground,TRUE,FALSE,TRUE
401,261,POOCHYENA,,Dark,,TRUE,TRUE,TRUE
402,262,MIGHTYENA,,Dark,,TRUE,TRUE,TRUE
403,263,ZIGZAGOON,,Normal,,TRUE,TRUE,TRUE
404,263,ZIGZAGOON,GALARIAN,Dark,Normal,TRUE,TRUE,TRUE
405,264,LINOONE,,Normal,,TRUE,TRUE,TRUE
406,264,LINOONE,GALARIAN,Dark,Normal,TRUE,TRUE,TRUE
407,265,WURMPLE,,Bug,,TRUE,TRUE,TRUE
408,266,SILCOON,,Bug,,TRUE,TRUE,TRUE
409,267,BEAUTIFLY,FEMALE,Bug,Flying,TRUE,TRUE,TRUE
410,267,BEAUTIFLY,MALE,Bug,Flying,TRUE,TRUE,TRUE
411,268,CASCOON,,Bug,,TRUE,TRUE,TRUE
412,269,DUSTOX,FEMALE,Bug,Poison,TRUE,TRUE,TRUE
413,269,DUSTOX,MALE,Bug,Poison,TRUE,TRUE,TRUE
414,270,LOTAD,,Water,Grass,TRUE,TRUE,TRUE
415,271,LOMBRE,,Water,Grass,TRUE,TRUE,TRUE
416,272,LUDICOLO,FEMALE,Water,Grass,TRUE,TRUE,TRUE
417,272,LUDICOLO,MALE,Water,Grass,TRUE,TRUE,TRUE
418,273,SEEDOT,,Grass,,TRUE,TRUE,TRUE
419,274,NUZLEAF,FEMALE,Grass,Dark,TRUE,TRUE,TRUE
420,274,NUZLEAF,MALE,Grass,Dark,TRUE,TRUE,TRUE
421,275,SHIFTRY,FEMALE,Grass,Dark,TRUE,TRUE,TRUE
422,275,SHIFTRY,MALE,Grass,Dark,TRUE,TRUE,TRUE
423,276,TAILLOW,,Normal,Flying,TRUE,TRUE,TRUE
424,277,SWELLOW,,Normal,Flying,TRUE,TRUE,TRUE
425,278,WINGULL,,Water,Flying,TRUE,TRUE,TRUE
426,279,PELIPPER,,Water,Flying,TRUE,TRUE,TRUE
427,280,RALTS,,Psychic,Fairy,TRUE,TRUE,TRUE
428,281,KIRLIA,,Psychic,Fairy,TRUE,TRUE,TRUE
429,282,GARDEVOIR,,Psychic,Fairy,TRUE,TRUE,TRUE
430,282,GARDEVOIR,MEGA,Psychic,Fairy,TRUE,FALSE,TRUE
431,283,SURSKIT,,Bug,Water,TRUE,TRUE,TRUE
432,284,MASQUERAIN,,Bug,Flying,TRUE,TRUE,TRUE
433,285,SHROOMISH,,Grass,,TRUE,TRUE,TRUE
434,286,BRELOOM,,Grass,Fighting,TRUE,TRUE,TRUE
435,287,SLAKOTH,,Normal,,TRUE,TRUE,TRUE
436,288,VIGOROTH,,Normal,,TRUE,TRUE,TRUE
437,289,SLAKING,,Normal,,TRUE,TRUE,TRUE
438,290,NINCADA,,Bug,Ground,TRUE,TRUE,TRUE
439,291,NINJASK,,Bug,Flying,TRUE,TRUE,TRUE
440,292,SHEDINJA,,Bug,Ghost,TRUE,TRUE,TRUE
441,293,WHISMUR,,Normal,,TRUE,TRUE,TRUE
442,294,LOUDRED,,Normal,,TRUE,TRUE,TRUE
443,295,EXPLOUD,,Normal,,TRUE,TRUE,TRUE
444,296,MAKUHITA,,Fighting,,TRUE,TRUE,TRUE
445,297,HARIYAMA,,Fighting,,TRUE,TRUE,TRUE
446,298,AZURILL,,Normal,Fairy,TRUE,TRUE,TRUE
447,299,NOSEPASS,,Rock,,TRUE,TRUE,TRUE
448,300,SKITTY,,Normal,,TRUE,TRUE,TRUE
449,301,DELCATTY,,Normal,,TRUE,TRUE,TRUE
450,302,SABLEYE,,Dark,Ghost,TRUE,TRUE,TRUE
451,302,SABLEYE,MEGA,Dark,Ghost,TRUE,FALSE,TRUE
452,303,MAWILE,,Steel,Fairy,TRUE,TRUE,TRUE
453,303,MAWILE,MEGA,Steel,Fairy,TRUE,FALSE,TRUE
454,304,ARON,,Steel,Rock,TRUE,TRUE,TRUE
455,305,LAIRON,,Steel,Rock,TRUE,TRUE,TRUE
456,306,AGGRON,,Steel,Rock,TRUE,TRUE,TRUE
457,306,AGGRON,MEGA,Steel,Rock,TRUE,FALSE,TRUE
458,307,MEDITITE,FEMALE,Fighting,Psychic,TRUE,TRUE,TRUE
459,307,MEDITITE,MALE,Fighting,Psychic,TRUE,TRUE,TRUE
460,308,MEDICHAM,FEMALE,Fighting,Psychic,TRUE,TRUE,TRUE
461,308,MEDICHAM,MALE,Fighting,Psychic,TRUE,TRUE,TRUE
462,308,MEDICHAM,MEGA,Fighting,Psychic,TRUE,FALSE,TRUE
463,309,ELECTRIKE,,Electric,,TRUE,TRUE,TRUE
464,310,MANECTRIC,,Electric,,TRUE,TRUE,TRUE
465,310,MANECTRIC,MEGA,Electric,,TRUE,FALSE,TRUE
466,311,PLUSLE,,Electric,,TRUE,TRUE,TRUE
467,312,MINUN,,Electric,,TRUE,TRUE,TRUE
468,313,VOLBEAT,,Bug,,TRUE,TRUE,TRUE
469,314,ILLUMISE,,Bug,,TRUE,TRUE,TRUE
470,315,ROSELIA,FEMALE,Grass,Poison,TRUE,TRUE,TRUE
471,315,ROSELIA,MALE,Grass,Poison,TRUE,TRUE,TRUE
472,316,GULPIN,FEMALE,Poison,,TRUE,TRUE,TRUE
473,316,GULPIN,MALE,Poison,,TRUE,TRUE,TRUE
474,317,SWALOT,FEMALE,Poison,,TRUE,TRUE,TRUE
475,317,SWALOT,MALE,Poison,,TRUE,TRUE,TRUE
476,318,CARVANHA,,Water,Dark,TRUE,TRUE,TRUE
477,319,SHARPEDO,,Water,Dark,TRUE,TRUE,TRUE
478,319,SHARPEDO,MEGA,Water,Dark,TRUE,FALSE,TRUE
479,320,WAILMER,,Water,,TRUE,TRUE,TRUE
480,321,WAILORD,,Water,,TRUE,TRUE,TRUE
481,322,NUMEL,FEMALE,Fire,Ground,TRUE,TRUE,TRUE
482,322,NUMEL,MALE,Fire,Ground,TRUE,TRUE,TRUE
483,323,CAMERUPT,FEMALE,Fire,Ground,TRUE,TRUE,TRUE
484,323,CAMERUPT,MALE,Fire,Ground,TRUE,TRUE,TRUE
485,323,CAMERUPT,MEGA,Fire,Ground,TRUE,FALSE,TRUE
486,324,TORKOAL,,Fire,,TRUE,TRUE,TRUE
487,325,SPOINK,,Psychic,,TRUE,TRUE,TRUE
488,326,GRUMPIG,,Psychic,,TRUE,TRUE,TRUE
489,327,SPINDA,,Normal,,TRUE,TRUE,TRUE
490,328,TRAPINCH,,Ground,,TRUE,TRUE,TRUE
491,329,VIBRAVA,,Ground,Dragon,TRUE,TRUE,TRUE
492,330,FLYGON,,Ground,Dragon,TRUE,TRUE,TRUE
493,331,CACNEA,,Grass,,TRUE,TRUE,TRUE
494,332,CACTURNE,FEMALE,Grass,Dark,TRUE,TRUE,TRUE
495,332,CACTURNE,MALE,Grass,Dark,TRUE,TRUE,TRUE
496,333,SWABLU,,Normal,Flying,TRUE,TRUE,TRUE
497,334,ALTARIA,,Dragon,Flying,TRUE,TRUE,TRUE
498,334,ALTARIA,MEGA,Dragon,Fairy,TRUE,FALSE,TRUE
499,335,ZANGOOSE,,Normal,,TRUE,TRUE,TRUE
500,336,SEVIPER,,Poison,,TRUE,TRUE,TRUE
501,337,LUNATONE,,Rock,Psychic,TRUE,TRUE,TRUE
502,338,SOLROCK,,Rock,Psychic,TRUE,TRUE,TRUE
503,339,BARBOACH,,Water,Ground,TRUE,TRUE,TRUE
504,340,WHISCASH,,Water,Ground,TRUE,TRUE,TRUE
505,341,CORPHISH,,Water,,TRUE,TRUE,TRUE
506,342,CRAWDAUNT,,Water,Dark,TRUE,TRUE,TRUE
507,343,BALTOY,,Ground,Psychic,TRUE,TRUE,TRUE
508,344,CLAYDOL,,Ground,Psychic,TRUE,TRUE,TRUE
509,345,LILEEP,,Rock,Grass,TRUE,TRUE,TRUE
510,346,CRADILY,,Rock,Grass,TRUE,TRUE,TRUE
511,347,ANORITH,,Rock,Bug,TRUE,TRUE,TRUE
512,348,ARMALDO,,Rock,Bug,TRUE,TRUE,TRUE
513,349,FEEBAS,,Water,,TRUE,TRUE,TRUE
514,350,MILOTIC,FEMALE,Water,,TRUE,TRUE,TRUE
515,350,MILOTIC,MALE,Water,,TRUE,TRUE,TRUE
516,351,CASTFORM,,Normal,,TRUE,TRUE,TRUE
517,352,KECLEON,,Normal,,TRUE,TRUE,TRUE
518,353,SHUPPET,,Ghost,,TRUE,TRUE,TRUE
519,354,BANETTE,,Ghost,,TRUE,TRUE,TRUE
520,354,BANETTE,MEGA,Ghost,,TRUE,FALSE,TRUE
521,355,DUSKULL,,Ghost,,TRUE,TRUE,TRUE
522,356,DUSCLOPS,,Ghost,,TRUE,TRUE,TRUE
523,357,TROPIUS,,Grass,Flying,TRUE,TRUE,TRUE
524,358,CHIMECHO,,Psychic,,TRUE,TRUE,TRUE
525,359,ABSOL,,Dark,,TRUE,TRUE,TRUE
526,359,ABSOL,MEGA,Dark,,TRUE,FALSE,TRUE
527,360,WYNAUT,,Psychic,,TRUE,TRUE,TRUE
528,361,SNORUNT,,Ice,,TRUE,TRUE,TRUE
529,362,GLALIE,,Ice,,TRUE,TRUE,TRUE
530,362,GLALIE,MEGA,Ice,,TRUE,FALSE,TRUE
531,363,SPHEAL,,Ice,Water,TRUE,TRUE,TRUE
532,364,SEALEO,,Ice,Water,TRUE,TRUE,TRUE
533,365,WALREIN,,Ice,Water,TRUE,TRUE,TRUE
534,366,CLAMPERL,,Water,,TRUE,TRUE,TRUE
535,367,HUNTAIL,,Water,,TRUE,TRUE,TRUE
536,368,GOREBYSS,,Water,,TRUE,TRUE,TRUE
537,369,RELICANTH,FEMALE,Water,Rock,TRUE,TRUE,TRUE
538,369,RELICANTH,MALE,Water,Rock,TRUE,TRUE,TRUE
539,370,LUVDISC,,Water,,TRUE,TRUE,TRUE
540,371,BAGON,,Dragon,,TRUE,TRUE,TRUE
541,372,SHELGON,,Dragon,,TRUE,TRUE,TRUE
542,373,SALAMENCE,,Dragon,Flying,TRUE,TRUE,TRUE
543,373,SALAMENCE,MEGA,Dragon,Flying,TRUE,FALSE,TRUE
544,374,BELDUM,,Steel,Psychic,TRUE,TRUE,TRUE
545,375,METANG,,Steel,Psychic,TRUE,TRUE,TRUE
546,376,METAGROSS,,Steel,Psychic,TRUE,TRUE,TRUE
547,376,METAGROSS,MEGA,Steel,Psychic,TRUE,FALSE,TRUE
548,377,REGIROCK,,Rock,,TRUE,TRUE,TRUE
549,378,REGICE,,Ice,,TRUE,TRUE,TRUE
550,379,REGISTEEL,,Steel,,TRUE,TRUE,TRUE
551,380,LATIAS,,Dragon,Psychic,TRUE,TRUE,TRUE
552,380,LATIAS,MEGA,Dragon,Psychic,TRUE,FALSE,TRUE
553,381,LATIOS,,Dragon,Psychic,TRUE,TRUE,TRUE
554,381,LATIOS,MEGA,Dragon,Psychic,TRUE,FALSE,TRUE
555,382,KYOGRE,,Water,,TRUE,TRUE,TRUE
556,382,KYOGRE,PRIMAL,Water,,TRUE,FALSE,TRUE
557,383,GROUDON,,Ground,,TRUE,TRUE,TRUE
558,383,GROUDON,PRIMAL,Ground,,TRUE,FALSE,TRUE
559,384,RAYQUAZA,,Dragon,Flying,TRUE,TRUE,TRUE
560,384,RAYQUAZA,MEGA,Dragon,Flying,TRUE,FALSE,TRUE
561,385,JIRACHI,,Steel,Psychic,TRUE,TRUE,TRUE
562,386,DEOXYS,,Psychic,,TRUE,TRUE,TRUE
563,386,DEOXYS,ATTACK,Psychic,,TRUE,TRUE,TRUE
564,386,DEOXYS,DEFENSE,Psychic,,TRUE,TRUE,TRUE
565,386,DEOXYS,SPEED,Psychic,,TRUE,TRUE,TRUE
566,387,TURTWIG,,Grass,,TRUE,TRUE,TRUE
567,388,GROTLE,,Grass,,TRUE,TRUE,TRUE
568,389,TORTERRA,,Grass,Ground,TRUE,TRUE,TRUE
569,390,CHIMCHAR,,Fire,,TRUE,TRUE,TRUE
570,391,MONFERNO,,Fire,Fighting,TRUE,TRUE,TRUE
571,392,INFERNAPE,,Fire,Fighting,TRUE,TRUE,TRUE
572,393,PIPLUP,,Water,,TRUE,TRUE,TRUE
573,394,PRINPLUP,,Water,,TRUE,TRUE,TRUE
574,395,EMPOLEON,,Water,Steel,TRUE,TRUE,TRUE
575,396,STARLY,FEMALE,Normal,Flying,TRUE,TRUE,TRUE
576,396,STARLY,MALE,Normal,Flying,TRUE,TRUE,TRUE
577,397,STARAVIA,FEMALE,Normal,Flying,TRUE,TRUE,TRUE
578,397,STARAVIA,MALE,Normal,Flying,TRUE,TRUE,TRUE
579,398,STARAPTOR,FEMALE,Normal,Flying,TRUE,TRUE,TRUE
580,398,STARAPTOR,MALE,Normal,Flying,TRUE,TRUE,TRUE
581,399,BIDOOF,FEMALE,Normal,,TRUE,TRUE,TRUE
582,399,BIDOOF,MALE,Normal,,TRUE,TRUE,TRUE
583,400,BIBAREL,FEMALE,Normal,Water,TRUE,TRUE,TRUE
584,400,BIBAREL,MALE,Normal,Water,TRUE,TRUE,TRUE
585,401,KRICKETOT,FEMALE,Bug,,TRUE,TRUE,TRUE
586,401,KRICKETOT,MALE,Bug,,TRUE,TRUE,TRUE
587,402,KRICKETUNE,FEMALE,Bug,,TRUE,TRUE,TRUE
588,402,KRICKETUNE,MALE,Bug,,TRUE,TRUE,TRUE
589,403,SHINX,FEMALE,Electric,,TRUE,TRUE,TRUE
590,403,SHINX,MALE,Electric,,TRUE,TRUE,TRUE
591,404,LUXIO,FEMALE,Electric,,TRUE,TRUE,TRUE
592,404,LUXIO,MALE,Electric,,TRUE,TRUE,TRUE
593,405,LUXRAY,FEMALE,Electric,,TRUE,TRUE,TRUE
594,405,LUXRAY,MALE,Electric,,TRUE,TRUE,TRUE
595,406,BUDEW,,Grass,Poison,TRUE,TRUE,TRUE
596,407,ROSERADE,FEMALE,Grass,Poison,TRUE,TRUE,TRUE
597,407,ROSERADE,MALE,Grass,Poison,TRUE,TRUE,TRUE
598,408,CRANIDOS,,Rock,,TRUE,TRUE,TRUE
599,409,RAMPARDOS,,Rock,,TRUE,TRUE,TRUE
600,410,SHIELDON,,Rock,Steel,TRUE,TRUE,TRUE
601,411,BASTIODON,,Rock,Steel,TRUE,TRUE,TRUE
602,412,BURMY,PLANT CLOAK,Bug,,TRUE,TRUE,TRUE
603,412,BURMY,SANDY CLOAK,Bug,,TRUE,TRUE,TRUE
604,412,BURMY,TRASH CLOAK,Bug,,TRUE,TRUE,TRUE
605,413,WORMADAM,PLANT CLOAK,Bug,Grass,TRUE,TRUE,TRUE
606,413,WORMADAM,SANDY CLOAK,Bug,Ground,TRUE,TRUE,TRUE
607,413,WORMADAM,TRASH CLOAK,Bug,Steel,TRUE,TRUE,TRUE
608,414,MOTHIM,,Bug,Flying,TRUE,TRUE,TRUE
609,415,COMBEE,FEMALE,Bug,Flying,TRUE,TRUE,TRUE
610,415,COMBEE,MALE,Bug,Flying,TRUE,TRUE,TRUE
611,416,VESPIQUEN,,Bug,Flying,TRUE,TRUE,TRUE
612,417,PACHIRISU,FEMALE,Electric,,TRUE,TRUE,TRUE
613,417,PACHIRISU,MALE,Electric,,TRUE,TRUE,TRUE
614,418,BUIZEL,FEMALE,Water,,TRUE,TRUE,TRUE
615,418,BUIZEL,MALE,Water,,TRUE,TRUE,TRUE
616,419,FLOATZEL,FEMALE,Water,,TRUE,TRUE,TRUE
617,419,FLOATZEL,MALE,Water,,TRUE,TRUE,TRUE
618,420,CHERUBI,,Grass,,TRUE,TRUE,TRUE
619,421,CHERRIM,,Grass,,TRUE,TRUE,TRUE
620,422,SHELLOS,WEST SEA,Water,,TRUE,TRUE,TRUE
621,422,SHELLOS,EAST SEA,Water,,TRUE,TRUE,TRUE
622,423,GASTRODON,WEST SEA,Water,Ground,TRUE,TRUE,TRUE
623,423,GASTRODON,EAST SEA,Water,Ground,TRUE,TRUE,TRUE
624,424,AMBIPOM,FEMALE,Normal,,TRUE,TRUE,TRUE
625,424,AMBIPOM,MALE,Normal,,TRUE,TRUE,TRUE
626,425,DRIFLOON,,Ghost,Flying,TRUE,TRUE,TRUE
627,426,DRIFBLIM,,Ghost,Flying,TRUE,TRUE,TRUE
628,427,BUNEARY,,Normal,,TRUE,TRUE,TRUE
629,428,LOPUNNY,,Normal,,TRUE,TRUE,TRUE
630,428,LOPUNNY,MEGA,Normal,Fighting,TRUE,FALSE,TRUE
631,429,MISMAGIUS,,Ghost,,TRUE,TRUE,TRUE
632,430,HONCHKROW,,Dark,Flying,TRUE,TRUE,TRUE
633,431,GLAMEOW,,Normal,,TRUE,TRUE,TRUE
634,432,PURUGLY,,Normal,,TRUE,TRUE,TRUE
635,433,CHINGLING,,Psychic,,TRUE,TRUE,TRUE
636,434,STUNKY,,Poison,Dark,TRUE,TRUE,TRUE
637,435,SKUNTANK,,Poison,Dark,TRUE,TRUE,TRUE
638,436,BRONZOR,,Steel,Psychic,TRUE,TRUE,TRUE
639,437,BRONZONG,,Steel,Psychic,TRUE,TRUE,TRUE
640,438,BONSLY,,Rock,,TRUE,TRUE,TRUE
641,439,MIME JR.,,Psychic,Fairy,TRUE,TRUE,TRUE
642,440,HAPPINY,,Normal,,TRUE,TRUE,TRUE
643,441,CHATOT,,Normal,Flying,TRUE,TRUE,TRUE
644,442,SPIRITOMB,,Ghost,Dark,TRUE,TRUE,TRUE
645,443,GIBLE,FEMALE,Dragon,Ground,TRUE,TRUE,TRUE
646,443,GIBLE,MALE,Dragon,Ground,TRUE,TRUE,TRUE
647,444,GABITE,FEMALE,Dragon,Ground,TRUE,TRUE,TRUE
648,444,GABITE,MALE,Dragon,Ground,TRUE,TRUE,TRUE
649,445,GARCHOMP,FEMALE,Dragon,Ground,TRUE,TRUE,TRUE
650,445,GARCHOMP,MALE,Dragon,Ground,TRUE,TRUE,TRUE
651,445,GARCHOMP,MEGA,Dragon,Ground,TRUE,FALSE,TRUE
652,446,MUNCHLAX,,Normal,,TRUE,TRUE,TRUE
653,447,RIOLU,,Fighting,,TRUE,TRUE,TRUE
654,448,LUCARIO,,Fighting,Steel,TRUE,TRUE,TRUE
655,448,LUCARIO,MEGA,Fighting,Steel,TRUE,FALSE,TRUE
656,449,HIPPOPOTAS,FEMALE,Ground,,TRUE,TRUE,TRUE
657,449,HIPPOPOTAS,MALE,Ground,,TRUE,TRUE,TRUE
658,450,HIPPOWDON,FEMALE,Ground,,TRUE,TRUE,TRUE
659,450,HIPPOWDON,MALE,Ground,,TRUE,TRUE,TRUE
660,451,SKORUPI,,Poison,Bug,TRUE,TRUE,TRUE
661,452,DRAPION,,Poison,Dark,TRUE,TRUE,TRUE
662,453,CROAGUNK,FEMALE,Poison,Fighting,TRUE,TRUE,TRUE
663,453,CROAGUNK,MALE,Poison,Fighting,TRUE,TRUE,TRUE
664,454,TOXICROAK,FEMALE,Poison,Fighting,TRUE,TRUE,TRUE
665,454,TOXICROAK,MALE,Poison,Fighting,TRUE,TRUE,TRUE
666,455,CARNIVINE,,Grass,,TRUE,TRUE,TRUE
667,456,FINNEON,FEMALE,Water,,TRUE,TRUE,TRUE
668,456,FINNEON,MALE,Water,,TRUE,TRUE,TRUE
669,457,LUMINEON,FEMALE,Water,,TRUE,TRUE,TRUE
670,457,LUMINEON,MALE,Water,,TRUE,TRUE,TRUE
671,458,MANTYKE,,Water,Flying,TRUE,TRUE,TRUE
672,459,SNOVER,FEMALE,Grass,Ice,TRUE,TRUE,TRUE
673,459,SNOVER,MALE,Grass,Ice,TRUE,TRUE,TRUE
674,460,ABOMASNOW,FEMALE,Grass,Ice,TRUE,TRUE,TRUE
675,460,ABOMASNOW,MALE,Grass,Ice,TRUE,TRUE,TRUE
676,460,ABOMASNOW,MEGA,Grass,Ice,TRUE,FALSE,TRUE
677,461,WEAVILE,FEMALE,Dark,Ice,TRUE,TRUE,TRUE
678,461,WEAVILE,MALE,Dark,Ice,TRUE,TRUE,TRUE
679,462,MAGNEZONE,,Electric,Steel,TRUE,TRUE,TRUE
680,463,LICKILICKY,,Normal,,TRUE,TRUE,TRUE
681,464,RHYPERIOR,FEMALE,Ground,Rock,TRUE,TRUE,TRUE
682,464,RHYPERIOR,MALE,Ground,Rock,TRUE,TRUE,TRUE
683,465,TANGROWTH,FEMALE,Grass,,TRUE,TRUE,TRUE
684,465,TANGROWTH,MALE,Grass,,TRUE,TRUE,TRUE
685,466,ELECTIVIRE,,Electric,,TRUE,TRUE,TRUE
686,467,MAGMORTAR,,Fire,,TRUE,TRUE,TRUE
687,468,TOGEKISS,,Fairy,Flying,TRUE,TRUE,TRUE
688,469,YANMEGA,,Bug,Flying,TRUE,TRUE,TRUE
689,470,LEAFEON,,Grass,,TRUE,TRUE,TRUE
690,471,GLACEON,,Ice,,TRUE,TRUE,TRUE
691,472,GLISCOR,,Ground,Flying,TRUE,TRUE,TRUE
692,473,MAMOSWINE,FEMALE,Ice,Ground,TRUE,TRUE,TRUE
693,473,MAMOSWINE,MALE,Ice,Ground,TRUE,TRUE,TRUE
694,474,PORYGON-Z,,Normal,,TRUE,TRUE,TRUE
695,475,GALLADE,,Psychic,Fighting,TRUE,TRUE,TRUE
696,475,GALLADE,MEGA,Psychic,Fighting,TRUE,FALSE,TRUE
697,476,PROBOPASS,,Rock,Steel,TRUE,TRUE,TRUE
698,477,DUSKNOIR,,Ghost,,TRUE,TRUE,TRUE
699,478,FROSLASS,,Ice,Ghost,TRUE,TRUE,TRUE
700,479,ROTOM,,Electric,Ghost,TRUE,TRUE,TRUE
701,479,ROTOM,HEAT,Electric,Fire,TRUE,TRUE,TRUE
702,479,ROTOM,WASH,Electric,Water,TRUE,TRUE,TRUE
703,479,ROTOM,FROST,Electric,Ice,TRUE,TRUE,TRUE
704,479,ROTOM,FAN,Electric,Flying,TRUE,TRUE,TRUE
705,479,ROTOM,MOW,Electric,Grass,TRUE,TRUE,TRUE
706,480,UXIE,,Psychic,,TRUE,TRUE,TRUE
707,481,MESPRIT,,Psychic,,TRUE,TRUE,TRUE
708,482,AZELF,,Psychic,,TRUE,TRUE,TRUE
709,483,DIALGA,,Steel,Dragon,TRUE,TRUE,TRUE
710,484,PALKIA,,Water,Dragon,TRUE,TRUE,TRUE
711,485,HEATRAN,,Fire,Steel,TRUE,TRUE,TRUE
712,486,REGIGIGAS,,Normal,,TRUE,TRUE,TRUE
713,487,GIRATINA,ALTERED,Ghost,Dragon,TRUE,TRUE,TRUE
714,487,GIRATINA,ORIGIN,Ghost,Dragon,TRUE,FALSE,TRUE
715,488,CRESSELIA,,Psychic,,TRUE,TRUE,TRUE
716,489,PHIONE,,Water,,TRUE,TRUE,TRUE
717,490,MANAPHY,,Water,,TRUE,TRUE,TRUE
718,491,DARKRAI,,Dark,,TRUE,TRUE,TRUE
719,492,SHAYMIN,LAND,Grass,,TRUE,TRUE,TRUE
720,492,SHAYMIN,SKY,Grass,Flying,FALSE,FALSE,TRUE
721,493,ARCEUS,NORMAL,Normal,,TRUE,TRUE,TRUE
722,493,ARCEUS,FIRE,Fire,,TRUE,FALSE,TRUE
723,493,ARCEUS,WATER,Water,,TRUE,FALSE,TRUE
724,493,ARCEUS,ELECTRIC,Electric,,TRUE,FALSE,TRUE
725,493,ARCEUS,GRASS,Grass,,TRUE,FALSE,TRUE
726,493,ARCEUS,ICE,Ice,,TRUE,FALSE,TRUE
727,493,ARCEUS,FIGHTING,Fighting,,TRUE,FALSE,TRUE
728,493,ARCEUS,POISON,Poison,,TRUE,FALSE,TRUE
729,493,ARCEUS,GROUND,Ground,,TRUE,FALSE,TRUE
730,493,ARCEUS,FLYING,Flying,,TRUE,FALSE,TRUE
731,493,ARCEUS,PSYCHIC,Psychic,,TRUE,FALSE,TRUE
732,493,ARCEUS,BUG,Bug,,TRUE,FALSE,TRUE
733,493,ARCEUS,ROCK,Rock,,TRUE,FALSE,TRUE
734,493,ARCEUS,GHOST,Ghost,,TRUE,FALSE,TRUE
735,493,ARCEUS,DRAGON,Dragon,,TRUE,FALSE,TRUE
736,493,ARCEUS,DARK,Dark,,TRUE,FALSE,TRUE
737,493,ARCEUS,STEEL,Steel,,TRUE,FALSE,TRUE
738,493,ARCEUS,FAIRY,Fairy,,TRUE,FALSE,TRUE
739,494,VICTINI,,Psychic,Fire,TRUE,TRUE,TRUE
740,495,SNIVY,,Grass,,TRUE,TRUE,TRUE
741,496,SERVINE,,Grass,,TRUE,TRUE,TRUE
742,497,SERPERIOR,,Grass,,TRUE,TRUE,TRUE
743,498,TEPIG,,Fire,,TRUE,TRUE,TRUE
744,499,PIGNITE,,Fire,Fighting,TRUE,TRUE,TRUE
745,500,EMBOAR,,Fire,Fighting,TRUE,TRUE,TRUE
746,501,OSHAWOTT,,Water,,TRUE,TRUE,TRUE
747,502,DEWOTT,,Water,,TRUE,TRUE,TRUE
748,503,SAMUROTT,,Water,,TRUE,TRUE,TRUE
749,504,PATRAT,,Normal,,TRUE,TRUE,TRUE
750,505,WATCHOG,,Normal,,TRUE,TRUE,TRUE
751,506,LILLIPUP,,Normal,,TRUE,TRUE,TRUE
752,507,HERDIER,,Normal,,TRUE,TRUE,TRUE
753,508,STOUTLAND,,Normal,,TRUE,TRUE,TRUE
754,509,PURRLOIN,,Dark,,TRUE,TRUE,TRUE
755,510,LIEPARD,,Dark,,TRUE,TRUE,TRUE
756,511,PANSAGE,,Grass,,TRUE,TRUE,TRUE
757,512,SIMISAGE,,Grass,,TRUE,TRUE,TRUE
758,513,PANSEAR,,Fire,,TRUE,TRUE,TRUE
759,514,SIMISEAR,,Fire,,TRUE,TRUE,TRUE
760,515,PANPOUR,,Water,,TRUE,TRUE,TRUE
761,516,SIMIPOUR,,Water,,TRUE,TRUE,TRUE
762,517,MUNNA,,Psychic,,TRUE,TRUE,TRUE
763,518,MUSHARNA,,Psychic,,TRUE,TRUE,TRUE
764,519,PIDOVE,,Normal,Flying,TRUE,TRUE,TRUE
765,520,TRANQUILL,,Normal,Flying,TRUE,TRUE,TRUE
766,521,UNFEZANT,FEMALE,Normal,Flying,TRUE,TRUE,TRUE
767,521,UNFEZANT,MALE,Normal,Flying,TRUE,TRUE,TRUE
768,522,BLITZLE,,Electric,,TRUE,TRUE,TRUE
769,523,ZEBSTRIKA,,Electric,,TRUE,TRUE,TRUE
770,524,ROGGENROLA,,Rock,,TRUE,TRUE,TRUE
771,525,BOLDORE,,Rock,,TRUE,TRUE,TRUE
772,526,GIGALITH,,Rock,,TRUE,TRUE,TRUE
773,527,WOOBAT,,Psychic,Flying,TRUE,TRUE,TRUE
774,528,SWOOBAT,,Psychic,Flying,TRUE,TRUE,TRUE
775,529,DRILBUR,,Ground,,TRUE,TRUE,TRUE
776,530,EXCADRILL,,Ground,Steel,TRUE,TRUE,TRUE
777,531,AUDINO,,Normal,,TRUE,TRUE,TRUE
778,531,AUDINO,MEGA,Normal,Fairy,TRUE,FALSE,TRUE
779,532,TIMBURR,,Fighting,,TRUE,TRUE,TRUE
780,533,GURDURR,,Fighting,,TRUE,TRUE,TRUE
781,534,CONKELDURR,,Fighting,,TRUE,TRUE,TRUE
782,535,TYMPOLE,,Water,,TRUE,TRUE,TRUE
783,536,PALPITOAD,,Water,Ground,TRUE,TRUE,TRUE
784,537,SEISMITOAD,,Water,Ground,TRUE,TRUE,TRUE
785,538,THROH,,Fighting,,TRUE,TRUE,TRUE
786,539,SAWK,,Fighting,,TRUE,TRUE,TRUE
787,540,SEWADDLE,,Bug,Grass,TRUE,TRUE,TRUE
788,541,SWADLOON,,Bug,Grass,TRUE,TRUE,TRUE
789,542,LEAVANNY,,Bug,Grass,TRUE,TRUE,TRUE
790,543,VENIPEDE,,Bug,Poison,TRUE,TRUE,TRUE
791,544,WHIRLIPEDE,,Bug,Poison,TRUE,TRUE,TRUE
792,545,SCOLIPEDE,,Bug,Poison,TRUE,TRUE,TRUE
793,546,COTTONEE,,Grass,,TRUE,TRUE,TRUE
794,547,WHIMSICOTT,,Grass,Fairy,TRUE,TRUE,TRUE
795,548,PETILIL,,Grass,,TRUE,TRUE,TRUE
796,549,LILLIGANT,,Grass,,TRUE,TRUE,TRUE
797,550,BASCULIN,RED-STRIPED,Water,,TRUE,TRUE,TRUE
798,550,BASCULIN,BLUE-STRIPED,Water,,TRUE,TRUE,TRUE
799,551,SANDILE,,Ground,Dark,TRUE,TRUE,TRUE
800,552,KROKOROK,,Ground,Dark,TRUE,TRUE,TRUE
801,553,KROOKODILE,,Ground,Dark,TRUE,TRUE,TRUE
802,554,DARUMAKA,,Fire,,TRUE,TRUE,TRUE
803,554,DARUMAKA,GALARIAN,Ice,,TRUE,TRUE,TRUE
804,555,DARMANITAN,,Fire,,TRUE,TRUE,TRUE
805,555,DARMANITAN,GALARIAN,Ice,,TRUE,TRUE,TRUE
806,556,MARACTUS,,Grass,,TRUE,TRUE,TRUE
807,557,DWEBBLE,,Bug,Rock,TRUE,TRUE,TRUE
808,558,CRUSTLE,,Bug,Rock,TRUE,TRUE,TRUE
809,559,SCRAGGY,,Dark,Fighting,TRUE,TRUE,TRUE
810,560,SCRAFTY,,Dark,Fighting,TRUE,TRUE,TRUE
811,561,SIGILYPH,,Psychic,Flying,TRUE,TRUE,TRUE
812,562,YAMASK,,Ghost,,TRUE,TRUE,TRUE
813,562,YAMASK,GALARIAN,Ground,Ghost,TRUE,TRUE,TRUE
814,563,COFAGRIGUS,,Ghost,,TRUE,TRUE,TRUE
815,564,TIRTOUGA,,Water,Rock,TRUE,TRUE,TRUE
816,565,CARRACOSTA,,Water,Rock,TRUE,TRUE,TRUE
817,566,ARCHEN,,Rock,Flying,TRUE,TRUE,TRUE
818,567,ARCHEOPS,,Rock,Flying,TRUE,TRUE,TRUE
819,568,TRUBBISH,,Poison,,TRUE,TRUE,TRUE
820,569,GARBODOR,,Poison,,TRUE,TRUE,TRUE
821,569,GARBODOR,GIGANTAMAX,Poison,,TRUE,TRUE,TRUE
822,570,ZORUA,,Dark,,TRUE,TRUE,TRUE
823,571,ZOROARK,,Dark,,TRUE,TRUE,TRUE
824,572,MINCCINO,,Normal,,TRUE,TRUE,TRUE
825,573,CINCCINO,,Normal,,TRUE,TRUE,TRUE
826,574,GOTHITA,,Psychic,,TRUE,TRUE,TRUE
827,575,GOTHORITA,,Psychic,,TRUE,TRUE,TRUE
828,576,GOTHITELLE,,Psychic,,TRUE,TRUE,TRUE
829,577,SOLOSIS,,Psychic,,TRUE,TRUE,TRUE
830,578,DUOSION,,Psychic,,TRUE,TRUE,TRUE
831,579,REUNICLUS,,Psychic,,TRUE,TRUE,TRUE
832,580,DUCKLETT,,Water,Flying,TRUE,TRUE,TRUE
833,581,SWANNA,,Water,Flying,TRUE,TRUE,TRUE
834,582,VANILLITE,,Ice,,TRUE,TRUE,TRUE
835,583,VANILLISH,,Ice,,TRUE,TRUE,TRUE
836,584,VANILLUXE,,Ice,,TRUE,TRUE,TRUE
837,585,DEERLING,SPRING,Normal,Grass,TRUE,TRUE,TRUE
838,585,DEERLING,SUMMER,Normal,Grass,TRUE,TRUE,TRUE
839,585,DEERLING,AUTUMN,Normal,Grass,TRUE,TRUE,TRUE
840,585,DEERLING,WINTER,Normal,Grass,TRUE,TRUE,TRUE
841,586,SAWSBUCK,SPRING,Normal,Grass,TRUE,TRUE,TRUE
842,586,SAWSBUCK,SUMMER,Normal,Grass,TRUE,TRUE,TRUE
843,586,SAWSBUCK,AUTUMN,Normal,Grass,TRUE,TRUE,TRUE
844,586,SAWSBUCK,WINTER,Normal,Grass,TRUE,TRUE,TRUE
845,587,EMOLGA,,Electric,Flying,TRUE,TRUE,TRUE
846,588,KARRABLAST,,Bug,,TRUE,TRUE,TRUE
847,589,ESCAVALIER,,Bug,Steel,TRUE,TRUE,TRUE
848,590,FOONGUS,,Grass,Poison,TRUE,TRUE,TRUE
849,591,AMOONGUSS,,Grass,Poison,TRUE,TRUE,TRUE
850,592,FRILLISH,FEMALE,Water,Ghost,TRUE,TRUE,TRUE
851,592,FRILLISH,MALE,Water,Ghost,TRUE,TRUE,TRUE
852,593,JELLICENT,FEMALE,Water,Ghost,TRUE,TRUE,TRUE
853,593,JELLICENT,MALE,Water,Ghost,TRUE,TRUE,TRUE
854,594,ALOMOMOLA,,Water,,TRUE,TRUE,TRUE
855,595,JOLTIK,,Bug,Electric,TRUE,TRUE,TRUE
856,596,GALVANTULA,,Bug,Electric,TRUE,TRUE,TRUE
857,597,FERROSEED,,Grass,Steel,TRUE,TRUE,TRUE
858,598,FERROTHORN,,Grass,Steel,TRUE,TRUE,TRUE
859,599,KLINK,,Steel,,TRUE,TRUE,TRUE
860,600,KLANG,,Steel,,TRUE,TRUE,TRUE
861,601,KLINKLANG,,Steel,,TRUE,TRUE,TRUE
862,602,TYNAMO,,Electric,,TRUE,TRUE,TRUE
863,603,EELEKTRIK,,Electric,,TRUE,TRUE,TRUE
864,604,EELEKTROSS,,Electric,,TRUE,TRUE,TRUE
865,605,ELGYEM,,Psychic,,TRUE,TRUE,TRUE
866,606,BEHEEYEM,,Psychic,,TRUE,TRUE,TRUE
867,607,LITWICK,,Ghost,Fire,TRUE,TRUE,TRUE
868,608,LAMPENT,,Ghost,Fire,TRUE,TRUE,TRUE
869,609,CHANDELURE,,Ghost,Fire,TRUE,TRUE,TRUE
870,610,AXEW,,Dragon,,TRUE,TRUE,TRUE
871,611,FRAXURE,,Dragon,,TRUE,TRUE,TRUE
872,612,HAXORUS,,Dragon,,TRUE,TRUE,TRUE
873,613,CUBCHOO,,Ice,,TRUE,TRUE,TRUE
874,614,BEARTIC,,Ice,,TRUE,TRUE,TRUE
875,615,CRYOGONAL,,Ice,,TRUE,TRUE,TRUE
876,616,SHELMET,,Bug,,TRUE,TRUE,TRUE
877,617,ACCELGOR,,Bug,,TRUE,TRUE,TRUE
878,618,STUNFISK,,Ground,Electric,TRUE,TRUE,TRUE
879,618,STUNFISK,GALARIAN,Ground,Steel,TRUE,TRUE,TRUE
880,619,MIENFOO,,Fighting,,TRUE,TRUE,TRUE
881,620,MIENSHAO,,Fighting,,TRUE,TRUE,TRUE
882,621,DRUDDIGON,,Dragon,,TRUE,TRUE,TRUE
883,622,GOLETT,,Ground,Ghost,TRUE,TRUE,TRUE
884,623,GOLURK,,Ground,Ghost,TRUE,TRUE,TRUE
885,624,PAWNIARD,,Dark,Steel,TRUE,TRUE,TRUE
886,625,BISHARP,,Dark,Steel,TRUE,TRUE,TRUE
887,626,BOUFFALANT,,Normal,,TRUE,TRUE,TRUE
888,627,RUFFLET,,Normal,Flying,TRUE,TRUE,TRUE
889,628,BRAVIARY,,Normal,Flying,TRUE,TRUE,TRUE
890,629,VULLABY,,Dark,Flying,TRUE,TRUE,TRUE
891,630,MANDIBUZZ,,Dark,Flying,TRUE,TRUE,TRUE
892,631,HEATMOR,,Fire,,TRUE,TRUE,TRUE
893,632,DURANT,,Bug,Steel,TRUE,TRUE,TRUE
894,633,DEINO,,Dark,Dragon,TRUE,TRUE,TRUE
895,634,ZWEILOUS,,Dark,Dragon,TRUE,TRUE,TRUE
896,635,HYDREIGON,,Dark,Dragon,TRUE,TRUE,TRUE
897,636,LARVESTA,,Bug,Fire,TRUE,TRUE,TRUE
898,637,VOLCARONA,,Bug,Fire,TRUE,TRUE,TRUE
899,638,COBALION,,Steel,Fighting,TRUE,TRUE,TRUE
900,639,TERRAKION,,Rock,Fighting,TRUE,TRUE,TRUE
901,640,VIRIZION,,Grass,Fighting,TRUE,TRUE,TRUE
902,641,TORNADUS,INCARNATE,Flying,,TRUE,TRUE,TRUE
903,641,TORNADUS,THERIAN,Flying,,TRUE,TRUE,TRUE
904,642,THUNDURUS,INCARNATE,Electric,Flying,TRUE,TRUE,TRUE
905,642,THUNDURUS,THERIAN,Electric,Flying,TRUE,TRUE,TRUE
906,643,RESHIRAM,,Dragon,Fire,TRUE,TRUE,TRUE
907,644,ZEKROM,,Dragon,Electric,TRUE,TRUE,TRUE
908,645,LANDORUS,INCARNATE,Ground,Flying,TRUE,TRUE,TRUE
909,645,LANDORUS,THERIAN,Ground,Flying,TRUE,TRUE,TRUE
910,646,KYUREM,,Dragon,Ice,TRUE,TRUE,TRUE
911,646,KYUREM,WHITE,Dragon,Ice,TRUE,FALSE,TRUE
912,646,KYUREM,BLACK,Dragon,Ice,TRUE,FALSE,TRUE
913,647,KELDEO,ORDINARY,Water,Fighting,TRUE,TRUE,TRUE
914,647,KELDEO,RESOLUTE,Water,Fighting,TRUE,TRUE,TRUE
915,648,MELOETTA,ARIA,Normal,Psychic,TRUE,TRUE,TRUE
916,648,MELOETTA,PIROUETTE,Normal,Fighting,FALSE,FALSE,TRUE
917,649,GENESECT,,Bug,Steel,TRUE,TRUE,TRUE
918,649,GENESECT,SHOCK DRIVE,Bug,Steel,TRUE,FALSE,TRUE
919,649,GENESECT,BURN DRIVE,Bug,Steel,TRUE,FALSE,TRUE
920,649,GENESECT,CHILL DRIVE,Bug,Steel,TRUE,FALSE,TRUE
921,649,GENESECT,DOUSE DRIVE,Bug,Steel,TRUE,FALSE,TRUE
922,650,CHESPIN,,Grass,,TRUE,TRUE,TRUE
923,651,QUILLADIN,,Grass,,TRUE,TRUE,TRUE
924,652,CHESNAUGHT,,Grass,Fighting,TRUE,TRUE,TRUE
925,653,FENNEKIN,,Fire,,TRUE,TRUE,TRUE
926,654,BRAIXEN,,Fire,,TRUE,TRUE,TRUE
927,655,DELPHOX,,Fire,Psychic,TRUE,TRUE,TRUE
928,656,FROAKIE,,Water,,TRUE,TRUE,TRUE
929,657,FROGADIER,,Water,,TRUE,TRUE,TRUE
930,658,GRENINJA,,Water,Dark,TRUE,TRUE,TRUE
931,658,GRENINJA,ASH,Water,Dark,TRUE,FALSE,TRUE
932,659,BUNNELBY,,Normal,,TRUE,TRUE,TRUE
933,660,DIGGERSBY,,Normal,Ground,TRUE,TRUE,TRUE
934,661,FLETCHLING,,Normal,Flying,TRUE,TRUE,TRUE
935,662,FLETCHINDER,,Fire,Flying,TRUE,TRUE,TRUE
936,663,TALONFLAME,,Fire,Flying,TRUE,TRUE,TRUE
937,664,SCATTERBUG,,Bug,,TRUE,TRUE,TRUE
938,665,SPEWPA,,Bug,,TRUE,TRUE,TRUE
939,666,VIVILLON,MEADOW PATTERN,Bug,Flying,TRUE,TRUE,TRUE
940,666,VIVILLON,POLAR PATTERN,Bug,Flying,TRUE,TRUE,TRUE
941,666,VIVILLON,TUNDRA PATTERN,Bug,Flying,TRUE,TRUE,TRUE
942,666,VIVILLON,CONTINENTAL PATTERN,Bug,Flying,TRUE,TRUE,TRUE
943,666,VIVILLON,GARDEN PATTERN,Bug,Flying,TRUE,TRUE,TRUE
944,666,VIVILLON,ELEGANT PATTERN,Bug,Flying,TRUE,TRUE,TRUE
945,666,VIVILLON,ICY SNOW PATTERN,Bug,Flying,TRUE,TRUE,TRUE
946,666,VIVILLON,MODERN PATTERN,Bug,Flying,TRUE,TRUE,TRUE
947,666,VIVILLON,MARINE PATTERN,Bug,Flying,TRUE,TRUE,TRUE
948,666,VIVILLON,ARCHIPELAGO PATTERN,Bug,Flying,TRUE,TRUE,TRUE
949,666,VIVILLON,HIGH PLAINS PATTERN,Bug,Flying,TRUE,TRUE,TRUE
950,666,VIVILLON,SANDSTORM PATTERN,Bug,Flying,TRUE,TRUE,TRUE
951,666,VIVILLON,RIVER PATTERN,Bug,Flying,TRUE,TRUE,TRUE
952,666,VIVILLON,MONSOON PATTERN,Bug,Flying,TRUE,TRUE,TRUE
953,666,VIVILLON,SAVANNA PATTERN,Bug,Flying,TRUE,TRUE,TRUE
954,666,VIVILLON,SUN PATTERN,Bug,Flying,TRUE,TRUE,TRUE
955,666,VIVILLON,OCEAN PATTERN,Bug,Flying,TRUE,TRUE,TRUE
956,666,VIVILLON,JUNGLE PATTERN,Bug,Flying,TRUE,TRUE,TRUE
957,666,VIVILLON,FANCY PATTERN,Bug,Flying,TRUE,TRUE,TRUE
958,666,VIVILLON,POKÉ BALL PATTERN,Bug,Flying,TRUE,TRUE,TRUE
959,667,LITLEO,,Fire,Normal,TRUE,TRUE,TRUE
960,668,PYROAR,FEMALE,Fire,Normal,TRUE,TRUE,TRUE
961,668,PYROAR,MALE,Fire,Normal,TRUE,TRUE,TRUE
962,669,FLABÉBÉ,RED FLOWER,Fairy,,TRUE,TRUE,TRUE
963,669,FLABÉBÉ,YELLOW FLOWER,Fairy,,TRUE,TRUE,TRUE
964,669,FLABÉBÉ,ORANGE FLOWER,Fairy,,TRUE,TRUE,TRUE
965,669,FLABÉBÉ,BLUE FLOWER,Fairy,,TRUE,TRUE,TRUE
966,669,FLABÉBÉ,WHITE FLOWER,Fairy,,TRUE,TRUE,TRUE
967,670,FLOETTE,RED FLOWER,Fairy,,TRUE,TRUE,TRUE
968,670,FLOETTE,YELLOW FLOWER,Fairy,,TRUE,TRUE,TRUE
969,670,FLOETTE,ORANGE FLOWER,Fairy,,TRUE,TRUE,TRUE
970,670,FLOETTE,BLUE FLOWER,Fairy,,TRUE,TRUE,TRUE
971,670,FLOETTE,WHITE FLOWER,Fairy,,TRUE,TRUE,TRUE
972,671,FLORGES,RED FLOWER,Fairy,,TRUE,TRUE,TRUE
973,671,FLORGES,YELLOW FLOWER,Fairy,,TRUE,TRUE,TRUE
974,671,FLORGES,ORANGE FLOWER,Fairy,,TRUE,TRUE,TRUE
975,671,FLORGES,BLUE FLOWER,Fairy,,TRUE,TRUE,TRUE
976,671,FLORGES,WHITE FLOWER,Fairy,,TRUE,TRUE,TRUE
977,672,SKIDDO,,Grass,,TRUE,TRUE,TRUE
978,673,GOGOAT,,Grass,,TRUE,TRUE,TRUE
979,674,PANCHAM,,Fighting,,TRUE,TRUE,TRUE
980,675,PANGORO,,Fighting,Dark,TRUE,TRUE,TRUE
981,676,FURFROU,,Normal,,TRUE,TRUE,TRUE
982,677,ESPURR,,Psychic,,TRUE,TRUE,TRUE
983,678,MEOWSTIC,FEMALE,Psychic,,TRUE,TRUE,TRUE
984,678,MEOWSTIC,MALE,Psychic,,TRUE,TRUE,TRUE
985,679,HONEDGE,,Steel,Ghost,TRUE,TRUE,TRUE
986,680,DOUBLADE,,Steel,Ghost,TRUE,TRUE,TRUE
987,681,AEGISLASH,,Steel,Ghost,TRUE,TRUE,TRUE
988,682,SPRITZEE,,Fairy,,TRUE,TRUE,TRUE
989,683,AROMATISSE,,Fairy,,TRUE,TRUE,TRUE
990,684,SWIRLIX,,Fairy,,TRUE,TRUE,TRUE
991,685,SLURPUFF,,Fairy,,TRUE,TRUE,TRUE
992,686,INKAY,,Dark,Psychic,TRUE,TRUE,TRUE
993,687,MALAMAR,,Dark,Psychic,TRUE,TRUE,TRUE
994,688,BINACLE,,Rock,Water,TRUE,TRUE,TRUE
995,689,BARBARACLE,,Rock,Water,TRUE,TRUE,TRUE
996,690,SKRELP,,Poison,Water,TRUE,TRUE,TRUE
997,691,DRAGALGE,,Poison,Dragon,TRUE,TRUE,TRUE
998,692,CLAUNCHER,,Water,,TRUE,TRUE,TRUE
999,693,CLAWITZER,,Water,,TRUE,TRUE,TRUE
1000,694,HELIOPTILE,,Electric,Normal,TRUE,TRUE,TRUE
1001,695,HELIOLISK,,Electric,Normal,TRUE,TRUE,TRUE
1002,696,TYRUNT,,Rock,Dragon,TRUE,TRUE,TRUE
1003,697,TYRANTRUM,,Rock,Dragon,TRUE,TRUE,TRUE
1004,698,AMAURA,,Rock,Ice,TRUE,TRUE,TRUE
1005,699,AURORUS,,Rock,Ice,TRUE,TRUE,TRUE
1006,700,SYLVEON,,Fairy,,TRUE,TRUE,TRUE
1007,701,HAWLUCHA,,Fighting,Flying,TRUE,TRUE,TRUE
1008,702,DEDENNE,,Electric,Fairy,TRUE,TRUE,TRUE
1009,703,CARBINK,,Rock,Fairy,TRUE,TRUE,TRUE
1010,704,GOOMY,,Dragon,,TRUE,TRUE,TRUE
1011,705,SLIGGOO,,Dragon,,TRUE,TRUE,TRUE
1012,706,GOODRA,,Dragon,,TRUE,TRUE,TRUE
1013,707,KLEFKI,,Steel,Fairy,TRUE,TRUE,TRUE
1014,708,PHANTUMP,,Ghost,Grass,TRUE,TRUE,TRUE
1015,709,TREVENANT,,Ghost,Grass,TRUE,TRUE,TRUE
1016,710,PUMPKABOO,SMALL SIZE,Ghost,Grass,TRUE,TRUE,TRUE
1017,710,PUMPKABOO,AVERAGE SIZE,Ghost,Grass,TRUE,TRUE,TRUE
1018,710,PUMPKABOO,LARGE SIZE,Ghost,Grass,TRUE,TRUE,TRUE
1019,710,PUMPKABOO,SUPER SIZE,Ghost,Grass,TRUE,TRUE,TRUE
1020,711,GOURGEIST,SMALL SIZE,Ghost,Grass,TRUE,TRUE,TRUE
1021,711,GOURGEIST,AVERAGE SIZE,Ghost,Grass,TRUE,TRUE,TRUE
1022,711,GOURGEIST,LARGE SIZE,Ghost,Grass,TRUE,TRUE,TRUE
1023,711,GOURGEIST,SUPER SIZE,Ghost,Grass,TRUE,TRUE,TRUE
1024,712,BERGMITE,,Ice,,TRUE,TRUE,TRUE
1025,713,AVALUGG,,Ice,,TRUE,TRUE,TRUE
1026,714,NOIBAT,,Flying,Dragon,TRUE,TRUE,TRUE
1027,715,NOIVERN,,Flying,Dragon,TRUE,TRUE,TRUE
1028,716,XERNEAS,,Fairy,,TRUE,TRUE,TRUE
1029,717,YVELTAL,,Dark,Flying,TRUE,TRUE,TRUE
1030,718,ZYGARDE,50% FORME,Dragon,Ground,TRUE,TRUE,TRUE
1031,718,ZYGARDE,10% FORME,Dragon,Ground,TRUE,TRUE,TRUE
1032,719,DIANCIE,,Rock,Fairy,TRUE,TRUE,TRUE
1033,719,DIANCIE,MEGA,Rock,Fairy,TRUE,FALSE,TRUE
1034,720,HOOPA,,Psychic,Ghost,TRUE,TRUE,TRUE
1035,721,VOLCANION,,Fire,Water,TRUE,TRUE,TRUE
1036,722,ROWLET,,Grass,Flying,TRUE,TRUE,TRUE
1037,723,DARTRIX,,Grass,Flying,TRUE,TRUE,TRUE
1038,724,DECIDUEYE,,Grass,Ghost,TRUE,TRUE,TRUE
1039,725,LITTEN,,Fire,,TRUE,TRUE,TRUE
1040,726,TORRACAT,,Fire,,TRUE,TRUE,TRUE
1041,727,INCINEROAR,,Fire,Dark,TRUE,TRUE,TRUE
1042,728,POPPLIO,,Water,,TRUE,TRUE,TRUE
1043,729,BRIONNE,,Water,,TRUE,TRUE,TRUE
1044,730,PRIMARINA,,Water,Fairy,TRUE,TRUE,TRUE
1045,731,PIKIPEK,,Normal,Flying,TRUE,TRUE,TRUE
1046,732,TRUMBEAK,,Normal,Flying,TRUE,TRUE,TRUE
1047,733,TOUCANNON,,Normal,Flying,TRUE,TRUE,TRUE
1048,734,YUNGOOS,,Normal,,TRUE,TRUE,TRUE
1049,735,GUMSHOOS,,Normal,,TRUE,TRUE,TRUE
1050,736,GRUBBIN,,Bug,,TRUE,TRUE,TRUE
1051,737,CHARJABUG,,Bug,Electric,TRUE,TRUE,TRUE
1052,738,VIKAVOLT,,Bug,Electric,TRUE,TRUE,TRUE
1053,739,CRABRAWLER,,Fighting,,TRUE,TRUE,TRUE
1054,740,CRABOMINABLE,,Fighting,Ice,TRUE,TRUE,TRUE
1055,741,ORICORIO,BAILE STYLE,Fire,Flying,TRUE,TRUE,TRUE
1056,741,ORICORIO,POM-POM STYLE,Electric,Flying,TRUE,TRUE,TRUE
1057,741,ORICORIO,PA'U STYLE,Psychic,Flying,TRUE,TRUE,TRUE
1058,741,ORICORIO,SENSU STYLE,Ghost,Flying,TRUE,TRUE,TRUE
1059,742,CUTIEFLY,,Bug,Fairy,TRUE,TRUE,TRUE
1060,743,RIBOMBEE,,Bug,Fairy,TRUE,TRUE,TRUE
1061,744,ROCKRUFF,,Rock,,TRUE,TRUE,TRUE
1062,745,LYCANROC,MIDDAY,Rock,,TRUE,TRUE,TRUE
1063,745,LYCANROC,MIDNIGHT,Rock,,TRUE,TRUE,TRUE
1064,745,LYCANROC,DUSK,,,TRUE,TRUE,TRUE
1065,746,WISHIWASHI,,Water,,TRUE,TRUE,TRUE
1066,747,MAREANIE,,Poison,Water,TRUE,TRUE,TRUE
1067,748,TOXAPEX,,Poison,Water,TRUE,TRUE,TRUE
1068,749,MUDBRAY,,Ground,,TRUE,TRUE,TRUE
1069,750,MUDSDALE,,Ground,,TRUE,TRUE,TRUE
1070,751,DEWPIDER,,Water,Bug,TRUE,TRUE,TRUE
1071,752,ARAQUANID,,Water,Bug,TRUE,TRUE,TRUE
1072,753,FOMANTIS,,Grass,,TRUE,TRUE,TRUE
1073,754,LURANTIS,,Grass,,TRUE,TRUE,TRUE
1074,755,MORELULL,,Grass,Fairy,TRUE,TRUE,TRUE
1075,756,SHIINOTIC,,Grass,Fairy,TRUE,TRUE,TRUE
1076,757,SALANDIT,,Poison,Fire,TRUE,TRUE,TRUE
1077,758,SALAZZLE,,Poison,Fire,TRUE,TRUE,TRUE
1078,759,STUFFUL,,Normal,Fighting,TRUE,TRUE,TRUE
1079,760,BEWEAR,,Normal,Fighting,TRUE,TRUE,TRUE
1080,761,BOUNSWEET,,Grass,,TRUE,TRUE,TRUE
1081,762,STEENEE,,Grass,,TRUE,TRUE,TRUE
1082,763,TSAREENA,,Grass,,TRUE,TRUE,TRUE
1083,764,COMFEY,,FAIry,,TRUE,TRUE,TRUE
1084,765,ORANGURU,,Normal,Psychic,TRUE,TRUE,TRUE
1085,766,PASSIMIAN,,Fighting,,TRUE,TRUE,TRUE
1086,767,WIMPOD,,Bug,Water,TRUE,TRUE,TRUE
1087,768,GOLISOPOD,,Bug,Water,TRUE,TRUE,TRUE
1088,769,SANDYGAST,,Ghost,Ground,TRUE,TRUE,TRUE
1089,770,PALOSSAND,,Ghost,Ground,TRUE,TRUE,TRUE
1090,771,PYUKUMUKU,,Water,,TRUE,TRUE,TRUE
1091,772,TYPE NULL,,Normal,,TRUE,TRUE,TRUE
1092,773,SILVALLY,NORMAL,Normal,,TRUE,TRUE,TRUE
1093,773,SILVALLY,FIRE,Fire,,TRUE,FALSE,TRUE
1094,773,SILVALLY,WATER,Water,,TRUE,FALSE,TRUE
1095,773,SILVALLY,ELECTRIC,Electric,,TRUE,FALSE,TRUE
1096,773,SILVALLY,GRASS,Grass,,TRUE,FALSE,TRUE
1097,773,SILVALLY,ICE,Ice,,TRUE,FALSE,TRUE
1098,773,SILVALLY,FIGHTING,Fighting,,TRUE,FALSE,TRUE
1099,773,SILVALLY,POISON,Poison,,TRUE,FALSE,TRUE
1100,773,SILVALLY,GROUND,Ground,,TRUE,FALSE,TRUE
1101,773,SILVALLY,FLYING,Flying,,TRUE,FALSE,TRUE
1102,773,SILVALLY,PSYCHIC,Psychic,,TRUE,FALSE,TRUE
1103,773,SILVALLY,BUG,Bug,,TRUE,FALSE,TRUE
1104,773,SILVALLY,ROCK,Rock,,TRUE,FALSE,TRUE
1105,773,SILVALLY,GHOST,Ghost,,TRUE,FALSE,TRUE
1106,773,SILVALLY,DRAGON,Dragon,,TRUE,FALSE,TRUE
1107,773,SILVALLY,DARK,Dark,,TRUE,FALSE,TRUE
1108,773,SILVALLY,STEEL,Steel,,TRUE,FALSE,TRUE
1109,773,SILVALLY,FAIRY,Fairy,,TRUE,FALSE,TRUE
1110,774,MINIOR,BLUE CORE,Rock,Flying,TRUE,TRUE,TRUE
1111,774,MINIOR,GREEN CORE,Rock,Flying,TRUE,TRUE,TRUE
1112,774,MINIOR,INDIGO CORE,Rock,Flying,TRUE,TRUE,TRUE
1113,774,MINIOR,ORANGE CORE,Rock,Flying,TRUE,TRUE,TRUE
1114,774,MINIOR,RED CORE,Rock,Flying,TRUE,TRUE,TRUE
1115,774,MINIOR,VIOLET CORE,Rock,Flying,TRUE,TRUE,TRUE
1116,774,MINIOR,YELLOW CORE,Rock,Flying,TRUE,TRUE,TRUE
1117,775,KOMALA,,Normal,,TRUE,TRUE,TRUE
1118,776,TURTONATOR,,Fire,Dragon,TRUE,TRUE,TRUE
1119,777,TOGEDEMARU,,Electric,Steel,TRUE,TRUE,TRUE
1120,778,MIMIKYU,,Ghost,Fairy,TRUE,TRUE,TRUE
1121,779,BRUXISH,,Water,Psychic,TRUE,TRUE,TRUE
1122,780,DRAMPA,,Normal,Dragon,TRUE,TRUE,TRUE
1123,781,DHELMISE,,Ghost,Grass,TRUE,TRUE,TRUE
1124,782,JANGMO-O,,Dragon,,TRUE,TRUE,TRUE
1125,783,HAKAMO-O,,Dragon,Fighting,TRUE,TRUE,TRUE
1126,784,KOMMO-O,,Dragon,Fighting,TRUE,TRUE,TRUE
1127,785,TAPU KOKO,,Electric,Fairy,TRUE,TRUE,TRUE
1128,786,TAPU LELE,,Psychic,Fairy,TRUE,TRUE,TRUE
1129,787,TAPU BULU,,Grass,Fairy,TRUE,TRUE,TRUE
1130,788,TAPU FINI,,Water,Fairy,TRUE,TRUE,TRUE
1131,789,COSMOG,,Psychic,,TRUE,TRUE,TRUE
1132,790,COSMOEM,,Psychic,,TRUE,TRUE,TRUE
1133,791,SOLGALEO,,Psychic,Steel,TRUE,TRUE,TRUE
1134,792,LUNALA,,Psychic,Ghost,TRUE,TRUE,TRUE
1135,793,NIHILEGO,,Rock,Poison,TRUE,TRUE,TRUE
1136,794,BUZZWOLE,,Bug,Fighting,TRUE,TRUE,TRUE
1137,795,PHEROMOSA,,Bug,Fighting,TRUE,TRUE,TRUE
1138,796,XURKITREE,,Electric,,TRUE,TRUE,TRUE
1139,797,CELESTEELA,,Steel,Flying,TRUE,TRUE,TRUE
1140,798,KARTANA,,Grass,Steel,TRUE,TRUE,TRUE
1141,799,GUZZLORD,,Dark,Dragon,TRUE,TRUE,TRUE
1142,800,NECROZMA,,Psychic,,TRUE,TRUE,TRUE
1143,800,NECROZMA,DUSK MANE,Psychic,Steel,TRUE,FALSE,TRUE
1144,800,NECROZMA,DAWN WINGS,Psychic,Ghost,TRUE,FALSE,TRUE
1145,801,MAGEARNA,,Steel,Fairy,TRUE,TRUE,TRUE
1146,801,MAGEARNA,ORIGINAL COLOR,Steel,Fairy,TRUE,TRUE,TRUE
1147,802,MARSHADOW,,Fighting,Ghost,TRUE,TRUE,TRUE
1148,803,POIPOLE,,Poison,,TRUE,TRUE,TRUE
1149,804,NAGANADEL,,Poison,Dragon,TRUE,TRUE,TRUE
1150,805,STAKATAKA,,Rock,Steel,TRUE,TRUE,TRUE
1151,806,BLACEPHALON,,Fire,Ghost,TRUE,TRUE,TRUE
1152,807,ZERAORA,,Electric,,TRUE,TRUE,TRUE
1153,808,MELTAN,,Steel,,TRUE,TRUE,TRUE
1154,809,MELMETAL,,Steel,,TRUE,TRUE,TRUE
1155,809,MELMETAL,GIGANTAMAX,Steel,,TRUE,TRUE,TRUE
1156,810,GROOKEY,,Grass,,TRUE,TRUE,TRUE
1157,811,THWACKEY,,Grass,,TRUE,TRUE,TRUE
1158,812,RILLABOOM,,Grass,,TRUE,TRUE,TRUE
1321,812,RILLABOOM,GIGANTAMAX,Grass,,TRUE,TRUE,FALSE
1159,813,SCORBUNNY,,Fire,,TRUE,TRUE,TRUE
1160,814,RABOOT,,Fire,,TRUE,TRUE,TRUE
1161,815,CINDERACE,,Fire,,TRUE,TRUE,TRUE
1322,815,CINDERACE,GIGANTAMAX,Fire,,TRUE,TRUE,FALSE
1162,816,SOBBLE,,Water,,TRUE,TRUE,TRUE
1163,817,DRIZZILE,,Water,,TRUE,TRUE,TRUE
1164,818,INTELEON,,Water,,TRUE,TRUE,TRUE
1323,818,INTELEON,GIGANTAMAX,Water,,TRUE,TRUE,FALSE
1165,819,SKWOVET,,Normal,,TRUE,TRUE,TRUE
1166,820,GREEDENT,,Normal,,TRUE,TRUE,TRUE
1167,821,ROOKIDEE,,Flying,,TRUE,TRUE,TRUE
1168,822,CORVISQUIRE,,Flying,,TRUE,TRUE,TRUE
1169,823,CORVIKNIGHT,,Flying,Steel,TRUE,TRUE,TRUE
1170,823,CORVIKNIGHT,GIGANTAMAX,Flying,Steel,TRUE,TRUE,TRUE
1171,824,BLIPBUG,,Bug,,TRUE,TRUE,TRUE
1172,825,DOTTLER,,Bug,Psychic,TRUE,TRUE,TRUE
1173,826,ORBEETLE,,Bug,Psychic,TRUE,TRUE,TRUE
1174,826,ORBEETLE,GIGANTAMAX,Bug,Psychic,TRUE,TRUE,TRUE
1175,827,NICKIT,,Dark,,TRUE,TRUE,TRUE
1176,828,THIEVUL,,Dark,,TRUE,TRUE,TRUE
1177,829,GOSSIFLEUR,,Grass,,TRUE,TRUE,TRUE
1178,830,ELDEGOSS,,Grass,,TRUE,TRUE,TRUE
1179,831,WOOLOO,,Normal,,TRUE,TRUE,TRUE
1180,832,DUBWOOL,,Normal,,TRUE,TRUE,TRUE
1181,833,CHEWTLE,,Water,,TRUE,TRUE,TRUE
1182,834,DREDNAW,,Water,Rock,TRUE,TRUE,TRUE
1183,834,DREDNAW,GIGANTAMAX,Water,Rock,TRUE,TRUE,TRUE
1184,835,YAMPER,,Electric,,TRUE,TRUE,TRUE
1185,836,BOLTUND,,Electric,,TRUE,TRUE,TRUE
1186,837,ROLYCOLY,,Rock,,TRUE,TRUE,TRUE
1187,838,CARKOL,,Rock,Fire,TRUE,TRUE,TRUE
1188,839,COALOSSAL,,Rock,Fire,TRUE,TRUE,TRUE
1189,839,COALOSSAL,GIGANTAMAX,Rock,Fire,TRUE,TRUE,TRUE
1190,840,APPLIN,,Grass,Dragon,TRUE,TRUE,TRUE
1191,841,FLAPPLE,,Grass,Dragon,TRUE,TRUE,TRUE
1192,841,FLAPPLE,GIGANTAMAX,Grass,Dragon,TRUE,TRUE,TRUE
1193,842,APPLETUN,,Grass,Dragon,TRUE,TRUE,TRUE
1194,842,APPLETUN,GIGANTAMAX,Grass,Dragon,TRUE,TRUE,TRUE
1195,843,SILICOBRA,,Ground,,TRUE,TRUE,TRUE
1196,844,SANDACONDA,,Ground,,TRUE,TRUE,TRUE
1197,844,SANDACONDA,GIGANTAMAX,Ground,,TRUE,TRUE,TRUE
1198,845,CRAMORANT,,Flying,Water,TRUE,TRUE,TRUE
1199,846,ARROKUDA,,Water,,TRUE,TRUE,TRUE
1200,847,BARRASKEWDA,,Water,,TRUE,TRUE,TRUE
1201,848,TOXEL,,Electric,Poison,TRUE,TRUE,TRUE
1202,849,TOXTRICITY,AMPED,Electric,Poison,TRUE,TRUE,TRUE
1203,849,TOXTRICITY,LOW KEY,Electric,Poison,TRUE,TRUE,TRUE
1204,849,TOXTRICITY,GIGANTAMAX,Electric,Poison,TRUE,TRUE,TRUE
1205,850,SIZZLIPEDE,,Fire,Bug,TRUE,TRUE,TRUE
1206,851,CENTISKORCH,,Fire,Bug,TRUE,TRUE,TRUE
1207,851,CENTISKORCH,GIGANTAMAX,Fire,Bug,TRUE,TRUE,TRUE
1208,852,CLOBBOPUS,,Fighting,,TRUE,TRUE,TRUE
1209,853,GRAPPLOCT,,Fighting,,TRUE,TRUE,TRUE
1210,854,SINISTEA,PHONY,Ghost,,TRUE,TRUE,TRUE
1211,854,SINISTEA,ANTIQUE,Ghost,,TRUE,TRUE,TRUE
1212,855,POLTEAGEIST,PHONY,Ghost,,TRUE,TRUE,TRUE
1213,855,POLTEAGEIST,ANTIQUE,Ghost,,TRUE,TRUE,TRUE
1214,856,HATENNA,,Psychic,,TRUE,TRUE,TRUE
1215,857,HATTREM,,Psychic,,TRUE,TRUE,TRUE
1216,858,HATTERENE,,Psychic,Fairy,TRUE,TRUE,TRUE
1217,858,HATTERENE,GIGANTAMAX,Psychic,Fairy,TRUE,TRUE,TRUE
1218,859,IMPIDIMP,,Dark,Fairy,TRUE,TRUE,TRUE
1219,860,MORGREM,,Dark,Fairy,TRUE,TRUE,TRUE
1220,861,GRIMMSNARL,,Dark,Fairy,TRUE,TRUE,TRUE
1221,861,GRIMMSNARL,GIGANTAMAX,Dark,Fairy,TRUE,TRUE,TRUE
1222,862,OBSTAGOON,,Dark,Normal,TRUE,TRUE,TRUE
1223,863,PERRSERKER,,Steel,,TRUE,TRUE,TRUE
1224,864,CURSOLA,,Ghost,,TRUE,TRUE,TRUE
1225,865,SIRFETCH'D,,Fighting,,TRUE,TRUE,TRUE
1226,866,MR. RIME,,Ice,Psychic,TRUE,TRUE,TRUE
1227,867,RUNERIGUS,,Ground,Ghost,TRUE,TRUE,TRUE
1228,868,MILCERY,,Fairy,,TRUE,TRUE,TRUE
1229,869,ALCREMIE,VANILLA CREAM STRAWBERRY,Fairy,,TRUE,TRUE,TRUE
1230,869,ALCREMIE,VANILLA CREAM BERRY,Fairy,,TRUE,TRUE,TRUE
1231,869,ALCREMIE,VANILLA CREAM LOVE,Fairy,,TRUE,TRUE,TRUE
1232,869,ALCREMIE,VANILLA CREAM CLOVER,Fairy,,TRUE,TRUE,TRUE
1233,869,ALCREMIE,VANILLA CREAM FLOWER,Fairy,,TRUE,TRUE,TRUE
1234,869,ALCREMIE,VANILLA CREAM STAR,Fairy,,TRUE,TRUE,FALSE
1235,869,ALCREMIE,VANILLA CREAM RIBBON,Fairy,,TRUE,TRUE,FALSE
1236,869,ALCREMIE,RUBY CREAM STRAWBERRY,Fairy,,TRUE,TRUE,TRUE
1237,869,ALCREMIE,RUBY CREAM BERRY,Fairy,,TRUE,TRUE,TRUE
1238,869,ALCREMIE,RUBY CREAM LOVE,Fairy,,TRUE,TRUE,TRUE
1239,869,ALCREMIE,RUBY CREAM CLOVER,Fairy,,TRUE,TRUE,TRUE
1240,869,ALCREMIE,RUBY CREAM FLOWER,Fairy,,TRUE,TRUE,TRUE
1241,869,ALCREMIE,RUBY CREAM STAR,Fairy,,TRUE,TRUE,FALSE
1242,869,ALCREMIE,RUBY CREAM RIBBON,Fairy,,TRUE,TRUE,FALSE
1243,869,ALCREMIE,MATCHA CREAM STRAWBERRY,Fairy,,TRUE,TRUE,TRUE
1244,869,ALCREMIE,MATCHA CREAM BERRY,Fairy,,TRUE,TRUE,TRUE
1245,869,ALCREMIE,MATCHA CREAM LOVE,Fairy,,TRUE,TRUE,TRUE
1246,869,ALCREMIE,MATCHA CREAM CLOVER,Fairy,,TRUE,TRUE,TRUE
1247,869,ALCREMIE,MATCHA CREAM FLOWER,Fairy,,TRUE,TRUE,TRUE
1248,869,ALCREMIE,MATCHA CREAM STAR,Fairy,,TRUE,TRUE,FALSE
1249,869,ALCREMIE,MATCHA CREAM RIBBON,Fairy,,TRUE,TRUE,FALSE
1250,869,ALCREMIE,MINT CREAM STRAWBERRY,Fairy,,TRUE,TRUE,TRUE
1251,869,ALCREMIE,MINT CREAM BERRY,Fairy,,TRUE,TRUE,TRUE
1252,869,ALCREMIE,MINT CREAM LOVE,Fairy,,TRUE,TRUE,TRUE
1253,869,ALCREMIE,MINT CREAM CLOVER,Fairy,,TRUE,TRUE,TRUE
1254,869,ALCREMIE,MINT CREAM FLOWER,Fairy,,TRUE,TRUE,TRUE
1255,869,ALCREMIE,MINT CREAM STAR,Fairy,,TRUE,TRUE,FALSE
1256,869,ALCREMIE,MINT CREAM RIBBON,Fairy,,TRUE,TRUE,FALSE
1257,869,ALCREMIE,LEMON CREAM STRAWBERRY,Fairy,,TRUE,TRUE,TRUE
1258,869,ALCREMIE,LEMON CREAM BERRY,Fairy,,TRUE,TRUE,TRUE
1259,869,ALCREMIE,LEMON CREAM LOVE,Fairy,,TRUE,TRUE,TRUE
1260,869,ALCREMIE,LEMON CREAM CLOVER,Fairy,,TRUE,TRUE,TRUE
1261,869,ALCREMIE,LEMON CREAM FLOWER,Fairy,,TRUE,TRUE,TRUE
1262,869,ALCREMIE,LEMON CREAM STAR,Fairy,,TRUE,TRUE,FALSE
1263,869,ALCREMIE,LEMON CREAM RIBBON,Fairy,,TRUE,TRUE,FALSE
1264,869,ALCREMIE,SALTED CREAM STRAWBERRY,Fairy,,TRUE,TRUE,TRUE
1265,869,ALCREMIE,SALTED CREAM BERRY,Fairy,,TRUE,TRUE,TRUE
1266,869,ALCREMIE,SALTED CREAM LOVE,Fairy,,TRUE,TRUE,TRUE
1267,869,ALCREMIE,SALTED CREAM CLOVER,Fairy,,TRUE,TRUE,TRUE
1268,869,ALCREMIE,SALTED CREAM FLOWER,Fairy,,TRUE,TRUE,TRUE
1269,869,ALCREMIE,SALTED CREAM STAR,Fairy,,TRUE,TRUE,FALSE
1270,869,ALCREMIE,SALTED CREAM RIBBON,Fairy,,TRUE,TRUE,FALSE
1271,869,ALCREMIE,RUBY SWIRL STRAWBERRY,Fairy,,TRUE,TRUE,TRUE
1272,869,ALCREMIE,RUBY SWIRL BERRY,Fairy,,TRUE,TRUE,TRUE
1273,869,ALCREMIE,RUBY SWIRL LOVE,Fairy,,TRUE,TRUE,TRUE
1274,869,ALCREMIE,RUBY SWIRL CLOVER,Fairy,,TRUE,TRUE,TRUE
1275,869,ALCREMIE,RUBY SWIRL FLOWER,Fairy,,TRUE,TRUE,TRUE
1276,869,ALCREMIE,RUBY SWIRL STAR,Fairy,,TRUE,TRUE,FALSE
1277,869,ALCREMIE,RUBY SWIRL RIBBON,Fairy,,TRUE,TRUE,FALSE
1278,869,ALCREMIE,CARAMEL SWIRL STRAWBERRY,Fairy,,TRUE,TRUE,TRUE
1279,869,ALCREMIE,CARAMEL SWIRL BERRY,Fairy,,TRUE,TRUE,TRUE
1280,869,ALCREMIE,CARAMEL SWIRL LOVE,Fairy,,TRUE,TRUE,TRUE
1281,869,ALCREMIE,CARAMEL SWIRL CLOVER,Fairy,,TRUE,TRUE,TRUE
1282,869,ALCREMIE,CARAMEL SWIRL FLOWER,Fairy,,TRUE,TRUE,TRUE
1283,869,ALCREMIE,CARAMEL SWIRL STAR,Fairy,,TRUE,TRUE,FALSE
1284,869,ALCREMIE,CARAMEL SWIRL RIBBON,Fairy,,TRUE,TRUE,FALSE
1285,869,ALCREMIE,RAINBOW SWIRL STRAWBERRY,Fairy,,TRUE,TRUE,TRUE
1286,869,ALCREMIE,RAINBOW SWIRL BERRY,Fairy,,TRUE,TRUE,TRUE
1287,869,ALCREMIE,RAINBOW SWIRL LOVE,Fairy,,TRUE,TRUE,TRUE
1288,869,ALCREMIE,RAINBOW SWIRL CLOVER,Fairy,,TRUE,TRUE,TRUE
1289,869,ALCREMIE,RAINBOW SWIRL FLOWER,Fairy,,TRUE,TRUE,TRUE
1290,869,ALCREMIE,RAINBOW SWIRL STAR,Fairy,,TRUE,TRUE,FALSE
1291,869,ALCREMIE,RAINBOW SWIRL RIBBON,Fairy,,TRUE,TRUE,FALSE
1292,869,ALCREMIE,GIGANTAMAX,Fairy,,TRUE,TRUE,TRUE
1293,870,FALINKS,,Fighting,,TRUE,TRUE,TRUE
1294,871,PINCURCHIN,,Electric,,TRUE,TRUE,TRUE
1295,872,SNOM,,Ice,Bug,TRUE,TRUE,TRUE
1296,873,FROSMOTH,,Ice,Bug,TRUE,TRUE,TRUE
1297,874,STONJOURNER,,Rock,,TRUE,TRUE,TRUE
1298,875,EISCUE,,Ice,,TRUE,TRUE,TRUE
1299,876,INDEEDEE,FEMALE,Fairy,Normal,TRUE,TRUE,TRUE
1300,876,INDEEDEE,MALE,Fairy,Normal,TRUE,TRUE,TRUE
1301,877,MORPEKO,,Electric,Dark,TRUE,TRUE,TRUE
1302,878,CUFANT,,Steel,,TRUE,TRUE,TRUE
1303,879,COPPERAJAH,,Steel,,TRUE,TRUE,TRUE
1304,879,COPPERAJAH,GIGANTAMAX,Steel,,TRUE,TRUE,TRUE
1305,880,DRACOZOLT,,Electric,Dragon,TRUE,TRUE,TRUE
1306,881,ARCTOZOLT,,Electric,Ice,TRUE,TRUE,TRUE
1307,882,DRACOVISH,,Water,Dragon,TRUE,TRUE,TRUE
1308,883,ARCTOVISH,,Water,Ice,TRUE,TRUE,TRUE
1309,884,DURALUDON,,Steel,Dragon,TRUE,TRUE,TRUE
1310,884,DURALUDON,GIGANTAMAX,Steel,Dragon,TRUE,TRUE,TRUE
1311,885,DREEPY,,Dragon,Ghost,TRUE,TRUE,TRUE
1312,886,DRAKLOAK,,Dragon,Ghost,TRUE,TRUE,TRUE
1313,887,DRAGAPULT,,Dragon,Ghost,TRUE,TRUE,TRUE
1314,888,ZACIAN,HERO OF MANY BATTLES,Fairy,,TRUE,TRUE,TRUE
1315,888,ZACIAN,CROWNED SWORD,Fairy,Steel,FALSE,FALSE,TRUE
1316,889,ZAMAZENTA,HERO OF MANY BATTLES,Fighting,,TRUE,TRUE,TRUE
1317,889,ZAMAZENTA,CROWNED SHIELD,Fighting,Steel,FALSE,FALSE,TRUE
1318,890,ETERNATUS,,Poison,Dragon,TRUE,TRUE,TRUE